targetid,ordernumber,organism,species,genotype,tissue,aliastargetname,primersname,extractplatebarcode,extractplatewell,targetplatebarcode,targetplatewell,label,comment,barcode9l,barcode,extractid,tagcounttotal,tagcountunique,overrepcount,overreppct,targetquality,flowcellbarcode,flowcelllane
1520484,DSacc18-3679,Saccharina,-,SL-AK-2,meristem,P_ad_hp,EBPCR1+HpaII,E/cathrynf/14-8-18/001,A1,T/faisal/24-8-18/014,A1,,,AGCGGTTGC,AGCGGT,1025551,1454751,343998,18,1.79,good,CCVGYANXX,6
1520485,DSacc18-3679,Saccharina,-,SL-AK-1,meristem,P_ad_hp,EBPCR1+HpaII,E/cathrynf/14-8-18/001,B1,T/faisal/24-8-18/014,B1,,,AACGGCATT,AACGGCAT,1025552,1528570,415424,25,1.90,good,CCVGYANXX,6
1520486,DSacc18-3679,Saccharina,-,SL-BR-1,meristem,P_ad_hp,EBPCR1+HpaII,E/cathrynf/14-8-18/001,C1,T/faisal/24-8-18/014,C1,,,AAGGTACGT,AAGGTACG,1025553,1503943,312809,37,2.03,good,CCVGYANXX,6
1520487,DSacc18-3679,Saccharina,-,SL-BR-2,meristem,P_ad_hp,EBPCR1+HpaII,E/cathrynf/14-8-18/001,D1,T/faisal/24-8-18/014,D1,,,CCTCGTGCA,CCTCG,1025554,1511990,315692,37,1.99,good,CCVGYANXX,6
1520488,DSacc18-3679,Saccharina,-,SL-BR-3,meristem,P_ad_hp,EBPCR1+HpaII,E/cathrynf/14-8-18/001,E1,T/faisal/24-8-18/014,E1,,,CCTTCGTGC,CCTTCG,1025555,1465882,312965,35,2.15,good,CCVGYANXX,6
1520489,DSacc18-3679,Saccharina,-,SL-BR-4,meristem,P_ad_hp,EBPCR1+HpaII,E/cathrynf/14-8-18/001,F1,T/faisal/24-8-18/014,F1,,,CGCATTGTG,CGCATTG,1025556,1376667,309453,30,2.27,good,CCVGYANXX,6
1520490,DSacc18-3679,Saccharina,-,SL-BR-5,meristem,P_ad_hp,EBPCR1+HpaII,E/cathrynf/14-8-18/001,G1,T/faisal/24-8-18/014,G1,,,ACCGAGTAT,ACCGAGTA,1025557,1609664,334762,36,2.02,good,CCVGYANXX,6
1520491,DSacc18-3679,Saccharina,-,SL-BR-6,meristem,P_ad_hp,EBPCR1+HpaII,E/cathrynf/14-8-18/001,H1,T/faisal/24-8-18/014,H1,,,CATTGAAGT,CATTGAAG,1025558,1421542,309788,34,2.28,good,CCVGYANXX,6
1520492,DSacc18-3679,Saccharina,-,SL-BR-7,meristem,P_ad_hp,EBPCR1+HpaII,E/cathrynf/14-8-18/001,A2,T/faisal/24-8-18/014,A2,,,CGGCGTATG,CGGCGTA,1025559,1432486,306968,31,2.42,good,CCVGYANXX,6
1520493,DSacc18-3679,Saccharina,-,SL-BR-8,meristem,P_ad_hp,EBPCR1+HpaII,E/cathrynf/14-8-18/001,B2,T/faisal/24-8-18/014,B2,,,CGGTAGTGC,CGGTAG,1025560,1457629,346097,30,1.99,good,CCVGYANXX,6
1520494,DSacc18-3679,Saccharina,-,SL-BR-9,meristem,P_ad_hp,EBPCR1+HpaII,E/cathrynf/14-8-18/001,C2,T/faisal/24-8-18/014,C2,,,ACGATCGAT,ACGATCGA,1025561,1579244,313347,33,2.19,good,CCVGYANXX,6
1520495,DSacc18-3679,Saccharina,-,SL-BR-10,meristem,P_ad_hp,EBPCR1+HpaII,E/cathrynf/14-8-18/001,D2,T/faisal/24-8-18/014,D2,,,CGGTTGGTG,CGGTTGG,1025562,1533781,320083,35,1.97,good,CCVGYANXX,6
1520496,DSacc18-3679,Saccharina,-,SL-BR-11,meristem,P_ad_hp,EBPCR1+HpaII,E/cathrynf/14-8-18/001,E2,T/faisal/24-8-18/014,E2,,,CGTATAGAT,CGTATAGA,1025563,1542186,323091,36,2.11,good,CCVGYANXX,6
1520497,DSacc18-3679,Saccharina,-,SL-BR-12,meristem,P_ad_hp,EBPCR1+HpaII,E/cathrynf/14-8-18/001,F2,T/faisal/24-8-18/014,F2,,,CGTCTGTGC,CGTCTG,1025564,1401470,310613,32,2.34,good,CCVGYANXX,6
1520498,DSacc18-3679,Saccharina,-,SL-CC-1,meristem,P_ad_hp,EBPCR1+HpaII,E/cathrynf/14-8-18/001,G2,T/faisal/24-8-18/014,G2,,,CTGCCGTTG,CTGCCGT,1025565,1504713,334222,36,1.71,good,CCVGYANXX,6
1520499,DSacc18-3679,Saccharina,-,SL-CC-2,meristem,P_ad_hp,EBPCR1+HpaII,E/cathrynf/14-8-18/001,H2,T/faisal/24-8-18/014,H2,,,GACAACTTG,GACAACT,1025566,1441068,327209,31,2.01,good,CCVGYANXX,6
1520500,DSacc18-3679,Saccharina,-,SL-LL-3,meristem,P_ad_hp,EBPCR1+HpaII,E/cathrynf/14-8-18/002,A3,T/faisal/24-8-18/014,A3,,,GATGACTTG,GATGACT,1025661,1580108,333185,37,1.77,good,CCVGYANXX,6
1520501,DSacc18-3679,Saccharina,-,SL-LL-6,meristem,P_ad_hp,EBPCR1+HpaII,E/cathrynf/14-8-18/002,B3,T/faisal/24-8-18/014,B3,,,TGCATAGTT,TGCATAGT,1025662,1615429,340393,34,2.01,good,CCVGYANXX,6
1520502,DSacc18-3679,Saccharina,-,SL-LL-7,meristem,P_ad_hp,EBPCR1+HpaII,E/cathrynf/14-8-18/002,C3,T/faisal/24-8-18/014,C3,,,GGTAAGGTT,GGTAAGGT,1025663,1641680,342887,36,1.88,good,CCVGYANXX,6
1520503,DSacc18-3679,Saccharina,-,SL-LL-8,meristem,P_ad_hp,EBPCR1+HpaII,E/cathrynf/14-8-18/002,D3,T/faisal/24-8-18/014,D3,,,GCGGCGGTT,GCGGCGGT,1025664,1456754,322683,32,2.01,good,CCVGYANXX,6
1520504,DSacc18-3679,Saccharina,-,SL-LL-10,meristem,P_ad_hp,EBPCR1+HpaII,E/cathrynf/14-8-18/002,E3,T/faisal/24-8-18/014,E3,,,GGAGTTATT,GGAGTTAT,1025665,1470129,312671,34,2.07,good,CCVGYANXX,6
1520505,DSacc18-3679,Saccharina,-,SL-LL-11,meristem,P_ad_hp,EBPCR1+HpaII,E/cathrynf/14-8-18/002,F3,T/faisal/24-8-18/014,F3,,,GGATATGCA,GGATA,1025666,1625785,336775,34,1.83,good,CCVGYANXX,6
1520506,DSacc18-3679,Saccharina,-,SL-MD-1,meristem,P_ad_hp,EBPCR1+HpaII,E/cathrynf/14-8-18/002,G3,T/faisal/24-8-18/014,G3,,,GGATCGGTG,GGATCGG,1025667,1452888,306759,37,1.98,good,CCVGYANXX,6
1520507,DSacc18-3679,Saccharina,-,SL-MD-2,meristem,P_ad_hp,EBPCR1+HpaII,E/cathrynf/14-8-18/002,H3,T/faisal/24-8-18/014,H3,,,GGCAATTGC,GGCAAT,1025668,1379625,308125,35,1.78,good,CCVGYANXX,6
1520508,DSacc18-3679,Saccharina,-,SL-MD-3,meristem,P_ad_hp,EBPCR1+HpaII,E/cathrynf/14-8-18/002,A4,T/faisal/24-8-18/014,A4,,,GGCATGAGT,GGCATGAG,1025669,1499053,327030,32,1.99,good,CCVGYANXX,6
1520509,DSacc18-3679,Saccharina,-,SL-MD-4,meristem,P_ad_hp,EBPCR1+HpaII,E/cathrynf/14-8-18/002,B4,T/faisal/24-8-18/014,B4,,,GGCGGTCGT,GGCGGTCG,1025670,1524296,323776,36,1.96,good,CCVGYANXX,6
1520510,DSacc18-3679,Saccharina,-,SL-MD-5,meristem,P_ad_hp,EBPCR1+HpaII,E/cathrynf/14-8-18/002,C4,T/faisal/24-8-18/014,C4,,,GGTCATCTT,GGTCATCT,1025671,1550048,334993,34,1.93,good,CCVGYANXX,6
1520511,DSacc18-3679,Saccharina,-,SA-NB-1,meristem,P_ad_hp,EBPCR1+HpaII,E/cathrynf/14-8-18/002,D4,T/faisal/24-8-18/014,D4,,,GGTTACGGT,GGTTACGG,1025672,1582741,337000,32,1.92,good,CCVGYANXX,6
1520512,DSacc18-3679,Saccharina,-,SA-NB-2,meristem,P_ad_hp,EBPCR1+HpaII,E/cathrynf/14-8-18/002,E4,T/faisal/24-8-18/014,E4,,,GTAGTTTGC,GTAGTT,1025673,1605163,388763,33,1.63,good,CCVGYANXX,6
1520513,DSacc18-3679,Saccharina,-,SA-NB-3,meristem,P_ad_hp,EBPCR1+HpaII,E/cathrynf/14-8-18/002,F4,T/faisal/24-8-18/014,F4,,,GTCGTTGTG,GTCGTTG,1025674,1527594,282428,0,0.00,good,CCVGYANXX,6
1520514,DSacc18-3679,Saccharina,-,SA-NB-4,meristem,P_ad_hp,EBPCR1+HpaII,E/cathrynf/14-8-18/002,G4,T/faisal/24-8-18/014,G4,,,TACCATTTG,TACCATT,1025675,1651824,335615,40,1.79,good,CCVGYANXX,6
1520515,DSacc18-3679,Saccharina,-,SA-NB-5,meristem,P_ad_hp,EBPCR1+HpaII,E/cathrynf/14-8-18/002,H4,T/faisal/24-8-18/014,H4,,,TAGGTTATG,TAGGTTA,1025676,1624780,339950,24,1.27,good,CCVGYANXX,6
1526027,DSacc18-3679,Saccharina,-,SL-AK-2,meristem,P_ad_hp,EBPCR1+HpaII,E/cathrynf/14-8-18/001,A1,T/faisal/31-8-18/001,A1,,,ATGATGCAG,ATGA,1025551,1748657,405533,21,1.80,good,CCVGYANXX,6
1526028,DSacc18-3679,Saccharina,-,SL-AK-1,meristem,P_ad_hp,EBPCR1+HpaII,E/cathrynf/14-8-18/001,B1,T/faisal/31-8-18/001,B1,,,TCAAGATGC,TCAAGA,1025552,1918448,503703,23,1.72,good,CCVGYANXX,6
1526029,DSacc18-3679,Saccharina,-,SL-BR-1,meristem,P_ad_hp,EBPCR1+HpaII,E/cathrynf/14-8-18/001,C1,T/faisal/31-8-18/001,C1,,,CGCAAGGAT,CGCAAGGA,1025553,1880186,384758,34,1.90,good,CCVGYANXX,6
1526030,DSacc18-3679,Saccharina,-,SL-BR-2,meristem,P_ad_hp,EBPCR1+HpaII,E/cathrynf/14-8-18/001,D1,T/faisal/31-8-18/001,D1,,,TACTCAGTG,TACTCAG,1025554,2053816,414079,35,1.88,good,CCVGYANXX,6
1526031,DSacc18-3679,Saccharina,-,SL-BR-3,meristem,P_ad_hp,EBPCR1+HpaII,E/cathrynf/14-8-18/001,E1,T/faisal/31-8-18/001,E1,,,CTCATCCTT,CTCATCCT,1025555,1988523,410084,34,1.97,good,CCVGYANXX,6
1526032,DSacc18-3679,Saccharina,-,SL-BR-4,meristem,P_ad_hp,EBPCR1+HpaII,E/cathrynf/14-8-18/001,F1,T/faisal/31-8-18/001,F1,,,GGAACGAAT,GGAACGAA,1025556,1725063,366464,34,2.02,good,CCVGYANXX,6
1526033,DSacc18-3679,Saccharina,-,SL-BR-5,meristem,P_ad_hp,EBPCR1+HpaII,E/cathrynf/14-8-18/001,G1,T/faisal/31-8-18/001,G1,,,GGCCGAAGT,GGCCGAAG,1025557,1838353,386569,39,1.76,good,CCVGYANXX,6
1526034,DSacc18-3679,Saccharina,-,SL-BR-6,meristem,P_ad_hp,EBPCR1+HpaII,E/cathrynf/14-8-18/001,H1,T/faisal/31-8-18/001,H1,,,CAAGGTATG,CAAGGTA,1025558,1866323,390358,31,2.15,good,CCVGYANXX,6
1526035,DSacc18-3679,Saccharina,-,SL-BR-7,meristem,P_ad_hp,EBPCR1+HpaII,E/cathrynf/14-8-18/001,A2,T/faisal/31-8-18/001,A2,,,CTTAGGAAT,CTTAGGAA,1025559,1948324,406358,30,1.99,good,CCVGYANXX,6
1526036,DSacc18-3679,Saccharina,-,SL-BR-8,meristem,P_ad_hp,EBPCR1+HpaII,E/cathrynf/14-8-18/001,B2,T/faisal/31-8-18/001,B2,,,ACCTGTGCA,ACCTG,1025560,1968303,435592,30,1.73,good,CCVGYANXX,6
1526037,DSacc18-3679,Saccharina,-,SL-BR-9,meristem,P_ad_hp,EBPCR1+HpaII,E/cathrynf/14-8-18/001,C2,T/faisal/31-8-18/001,C2,,,TCTCCGTGC,TCTCCG,1025561,2006150,398547,30,1.98,good,CCVGYANXX,6
1526038,DSacc18-3679,Saccharina,-,SL-BR-10,meristem,P_ad_hp,EBPCR1+HpaII,E/cathrynf/14-8-18/001,D2,T/faisal/31-8-18/001,D2,,,CCGATTCTT,CCGATTCT,1025562,2043604,412024,34,1.75,good,CCVGYANXX,6
1526039,DSacc18-3679,Saccharina,-,SL-BR-11,meristem,P_ad_hp,EBPCR1+HpaII,E/cathrynf/14-8-18/001,E2,T/faisal/31-8-18/001,E2,,,CAGACCTGT,CAGACCTG,1025563,1965488,403954,33,1.90,good,CCVGYANXX,6
1526040,DSacc18-3679,Saccharina,-,SL-BR-12,meristem,P_ad_hp,EBPCR1+HpaII,E/cathrynf/14-8-18/001,F2,T/faisal/31-8-18/001,F2,,,TCAACTGAT,TCAACTGA,1025564,1861166,393300,30,2.07,good,CCVGYANXX,6
1526041,DSacc18-3679,Saccharina,-,SL-CC-1,meristem,P_ad_hp,EBPCR1+HpaII,E/cathrynf/14-8-18/001,G2,T/faisal/31-8-18/001,G2,,,CAGCCGTGC,CAGCCG,1025565,1838788,391579,33,1.75,good,CCVGYANXX,6
1526042,DSacc18-3679,Saccharina,-,SL-CC-2,meristem,P_ad_hp,EBPCR1+HpaII,E/cathrynf/14-8-18/001,H2,T/faisal/31-8-18/001,H2,,,AGGTATAAT,AGGTATAA,1025566,1744620,387840,30,1.94,good,CCVGYANXX,6
1526043,DSacc18-3679,Saccharina,-,SL-CC-3,meristem,P_ad_hp,EBPCR1+HpaII,E/cathrynf/14-8-18/001,A3,T/faisal/31-8-18/001,A3,,,TCGTATGTG,TCGTATG,1025567,1808535,403299,25,2.22,good,CCVGYANXX,6
1526044,DSacc18-3679,Saccharina,-,SL-CC-4,meristem,P_ad_hp,EBPCR1+HpaII,E/cathrynf/14-8-18/001,B3,T/faisal/31-8-18/001,B3,,,CAGGAAGAT,CAGGAAGA,1025568,1900518,422686,33,1.55,good,CCVGYANXX,6
1526045,DSacc18-3679,Saccharina,-,SL-CC-5,meristem,P_ad_hp,EBPCR1+HpaII,E/cathrynf/14-8-18/001,C3,T/faisal/31-8-18/001,C3,,,CCTATGCAG,CCTA,1025569,1875021,403786,25,1.81,good,CCVGYANXX,6
1526046,DSacc18-3679,Saccharina,-,SL-CC-6,meristem,P_ad_hp,EBPCR1+HpaII,E/cathrynf/14-8-18/001,D3,T/faisal/31-8-18/001,D3,,,TTCAGATGC,TTCAGA,1025570,1982163,419126,31,1.83,good,CCVGYANXX,6
1526047,DSacc18-3679,Saccharina,-,SL-CC-7,meristem,P_ad_hp,EBPCR1+HpaII,E/cathrynf/14-8-18/001,E3,T/faisal/31-8-18/001,E3,,,TCGTCTTGC,TCGTCT,1025571,1968608,434331,26,1.50,good,CCVGYANXX,6
1526048,DSacc18-3679,Saccharina,-,SL-CC-8,meristem,P_ad_hp,EBPCR1+HpaII,E/cathrynf/14-8-18/001,F3,T/faisal/31-8-18/001,F3,,,TATTAGTGC,TATTAG,1025572,1974434,436664,29,1.70,good,CCVGYANXX,6
1526049,DSacc18-3679,Saccharina,-,SL-CC-9,meristem,P_ad_hp,EBPCR1+HpaII,E/cathrynf/14-8-18/001,G3,T/faisal/31-8-18/001,G3,,,GGTCGTAAT,GGTCGTAA,1025573,1898267,409366,33,1.59,good,CCVGYANXX,6
1526050,DSacc18-3679,Saccharina,-,SL-CC-10,meristem,P_ad_hp,EBPCR1+HpaII,E/cathrynf/14-8-18/001,H3,T/faisal/31-8-18/001,H3,,,CCGTAGAAT,CCGTAGAA,1025574,1861255,410230,33,1.81,good,CCVGYANXX,6
1526051,DSacc18-3679,Saccharina,-,SL-CC-11,meristem,P_ad_hp,EBPCR1+HpaII,E/cathrynf/14-8-18/001,A4,T/faisal/31-8-18/001,A4,,,CCAATTATG,CCAATTA,1025575,1940490,419932,26,1.93,good,CCVGYANXX,6
1526052,DSacc18-3679,Saccharina,-,SL-CC-12,meristem,P_ad_hp,EBPCR1+HpaII,E/cathrynf/14-8-18/001,B4,T/faisal/31-8-18/001,B4,,,ACCTCCAAT,ACCTCCAA,1025576,1970473,420267,29,1.72,good,CCVGYANXX,6
1526053,DSacc18-3679,Saccharina,-,SA-CB-1,meristem,P_ad_hp,EBPCR1+HpaII,E/cathrynf/14-8-18/001,C4,T/faisal/31-8-18/001,C4,,,CCAGACTTG,CCAGACT,1025577,1933981,403138,29,1.64,good,CCVGYANXX,6
1526054,DSacc18-3679,Saccharina,-,SA-CB-2,meristem,P_ad_hp,EBPCR1+HpaII,E/cathrynf/14-8-18/001,D4,T/faisal/31-8-18/001,D4,,,AGATGGTGC,AGATGG,1025578,1868878,395468,34,1.79,good,CCVGYANXX,6
1526055,DSacc18-3679,Saccharina,-,SA-CB-3,meristem,P_ad_hp,EBPCR1+HpaII,E/cathrynf/14-8-18/001,E4,T/faisal/31-8-18/001,E4,,,AACTGGTGC,AACTGG,1025579,1932727,396875,31,1.75,good,CCVGYANXX,6
1526056,DSacc18-3679,Saccharina,-,SA-CB-4,meristem,P_ad_hp,EBPCR1+HpaII,E/cathrynf/14-8-18/001,F4,T/faisal/31-8-18/001,F4,,,ACTCTTGAT,ACTCTTGA,1025580,1865831,397798,29,1.85,good,CCVGYANXX,6
1526057,DSacc18-3679,Saccharina,-,SA-CB-5,meristem,P_ad_hp,EBPCR1+HpaII,E/cathrynf/14-8-18/001,G4,T/faisal/31-8-18/001,G4,,,TTATTGAAT,TTATTGAA,1025581,1917097,404661,29,1.78,good,CCVGYANXX,6
1526058,DSacc18-3679,Saccharina,-,SA-CB-6,meristem,P_ad_hp,EBPCR1+HpaII,E/cathrynf/14-8-18/001,H4,T/faisal/31-8-18/001,H4,,,GAGTTGTGC,GAGTTG,1025582,1825132,377615,34,1.84,good,CCVGYANXX,6
1526059,DSacc18-3679,Saccharina,-,SA-CB-7,meristem,P_ad_hp,EBPCR1+HpaII,E/cathrynf/14-8-18/001,A5,T/faisal/31-8-18/001,A5,,,TGACGGAGT,TGACGGAG,1025583,1889369,402337,31,1.88,good,CCVGYANXX,6
1526060,DSacc18-3679,Saccharina,-,SA-CB-8,meristem,P_ad_hp,EBPCR1+HpaII,E/cathrynf/14-8-18/001,B5,T/faisal/31-8-18/001,B5,,,TTGGTATGC,TTGGTA,1025584,1931305,398632,34,1.89,good,CCVGYANXX,6
1526061,DSacc18-3679,Saccharina,-,SA-CB-9,meristem,P_ad_hp,EBPCR1+HpaII,E/cathrynf/14-8-18/001,C5,T/faisal/31-8-18/001,C5,,,CTTGCCAAT,CTTGCCAA,1025585,1977308,411028,33,1.78,good,CCVGYANXX,6
1526062,DSacc18-3679,Saccharina,-,SA-CB-10,meristem,P_ad_hp,EBPCR1+HpaII,E/cathrynf/14-8-18/001,D5,T/faisal/31-8-18/001,D5,,,CATCTTGCA,CATCT,1025586,1966528,409872,30,1.91,good,CCVGYANXX,6
1526063,DSacc18-3679,Saccharina,-,SL-DI-3,meristem,P_ad_hp,EBPCR1+HpaII,E/cathrynf/14-8-18/001,E5,T/faisal/31-8-18/001,E5,,,ATTGGAATT,ATTGGAAT,1025587,2018233,432314,36,1.71,good,CCVGYANXX,6
1526064,DSacc18-3679,Saccharina,-,SL-DI-5,meristem,P_ad_hp,EBPCR1+HpaII,E/cathrynf/14-8-18/001,F5,T/faisal/31-8-18/001,F5,,,GTAAGGTGC,GTAAGG,1025588,2005855,466448,33,1.56,good,CCVGYANXX,6
1526065,DSacc18-3679,Saccharina,-,SL-DI-7,meristem,P_ad_hp,EBPCR1+HpaII,E/cathrynf/14-8-18/001,G5,T/faisal/31-8-18/001,G5,,,AGCCTATTG,AGCCTAT,1025589,1907030,425288,32,1.64,good,CCVGYANXX,6
1526066,DSacc18-3679,Saccharina,-,SL-DI-11,meristem,P_ad_hp,EBPCR1+HpaII,E/cathrynf/14-8-18/001,H5,T/faisal/31-8-18/001,H5,,,CTCGCAAGT,CTCGCAAG,1025590,2011332,466994,35,1.59,good,CCVGYANXX,6
1526067,DSacc18-3679,Saccharina,-,SL-DI-12,meristem,P_ad_hp,EBPCR1+HpaII,E/cathrynf/14-8-18/001,A6,T/faisal/31-8-18/001,A6,,,ACCATCCGT,ACCATCCG,1025591,2029931,451846,34,1.77,good,CCVGYANXX,6
1526068,DSacc18-3679,Saccharina,-,SL-DI-13,meristem,P_ad_hp,EBPCR1+HpaII,E/cathrynf/14-8-18/001,B6,T/faisal/31-8-18/001,B6,,,ACTTATGCA,ACTTA,1025592,2025730,435006,29,1.76,good,CCVGYANXX,6
1526069,DSacc18-3679,Saccharina,-,SL-DI-15,meristem,P_ad_hp,EBPCR1+HpaII,E/cathrynf/14-8-18/001,C6,T/faisal/31-8-18/001,C6,,,TCCGAAGTG,TCCGAAG,1025593,2011889,449840,33,1.56,good,CCVGYANXX,6
1526070,DSacc18-3679,Saccharina,-,SL-DI-16,meristem,P_ad_hp,EBPCR1+HpaII,E/cathrynf/14-8-18/001,D6,T/faisal/31-8-18/001,D6,,,ATGATGTGC,ATGATG,1025594,1990977,431692,34,1.75,good,CCVGYANXX,6
1526071,DSacc18-3679,Saccharina,-,SL-DI-17,meristem,P_ad_hp,EBPCR1+HpaII,E/cathrynf/14-8-18/001,E6,T/faisal/31-8-18/001,E6,,,TGGCCTAAT,TGGCCTAA,1025595,1862216,416606,35,1.62,good,CCVGYANXX,6
1526072,DSacc18-3679,Saccharina,-,SL-FI-1,meristem,P_ad_hp,EBPCR1+HpaII,E/cathrynf/14-8-18/001,F6,T/faisal/31-8-18/001,F6,,,GACGGTAAT,GACGGTAA,1025596,1806017,437507,30,1.80,good,CCVGYANXX,6
1526073,DSacc18-3679,Saccharina,-,SL-FI-2,meristem,P_ad_hp,EBPCR1+HpaII,E/cathrynf/14-8-18/001,G6,T/faisal/31-8-18/001,G6,,,TGCAACGTT,TGCAACGT,1025597,1868748,408429,31,2.00,good,CCVGYANXX,6
1526074,DSacc18-3679,Saccharina,-,SL-FI-5,meristem,P_ad_hp,EBPCR1+HpaII,E/cathrynf/14-8-18/001,H6,T/faisal/31-8-18/001,H6,,,TTGGTAGTG,TTGGTAG,1025598,1968189,428800,32,1.89,good,CCVGYANXX,6
1526075,DSacc18-3679,Saccharina,-,SL-FI-6,meristem,P_ad_hp,EBPCR1+HpaII,E/cathrynf/14-8-18/001,A7,T/faisal/31-8-18/001,A7,,,GTTACTTGC,GTTACT,1025599,1963920,428720,27,1.82,good,CCVGYANXX,6
1526076,DSacc18-3679,Saccharina,-,SL-FI-8,meristem,P_ad_hp,EBPCR1+HpaII,E/cathrynf/14-8-18/001,B7,T/faisal/31-8-18/001,B7,,,ACTCAACGT,ACTCAACG,1025600,1922117,443230,28,1.79,good,CCVGYANXX,6
1526077,DSacc18-3679,Saccharina,-,SL-FI-9,meristem,P_ad_hp,EBPCR1+HpaII,E/cathrynf/14-8-18/001,C7,T/faisal/31-8-18/001,C7,,,ATATGAGTG,ATATGAG,1025601,1937144,428339,32,1.84,good,CCVGYANXX,6
1526078,DSacc18-3679,Saccharina,-,SL-FI-10,meristem,P_ad_hp,EBPCR1+HpaII,E/cathrynf/14-8-18/001,D7,T/faisal/31-8-18/001,D7,,,AGAGTAGTG,AGAGTAG,1025602,1974495,452856,35,1.76,good,CCVGYANXX,6
1526079,DSacc18-3679,Saccharina,-,SL-FI-20,meristem,P_ad_hp,EBPCR1+HpaII,E/cathrynf/14-8-18/001,E7,T/faisal/31-8-18/001,E7,,,CCGACCAAT,CCGACCAA,1025603,1933276,404128,34,1.73,good,CCVGYANXX,6
1526080,DSacc18-3679,Saccharina,-,SL-FI-21,meristem,P_ad_hp,EBPCR1+HpaII,E/cathrynf/14-8-18/001,F7,T/faisal/31-8-18/001,F7,,,CTGACCGTG,CTGACCG,1025604,1833213,420183,28,1.91,good,CCVGYANXX,6
1526081,DSacc18-3679,Saccharina,-,SL-JS-5,meristem,P_ad_hp,EBPCR1+HpaII,E/cathrynf/14-8-18/001,G7,T/faisal/31-8-18/001,G7,,,CATAATTGC,CATAAT,1025605,1886167,405552,32,1.90,good,CCVGYANXX,6
1526082,DSacc18-3679,Saccharina,-,SL-JS-6,meristem,P_ad_hp,EBPCR1+HpaII,E/cathrynf/14-8-18/001,H7,T/faisal/31-8-18/001,H7,,,ATTAGCGTT,ATTAGCGT,1025606,1923951,427567,28,1.83,good,CCVGYANXX,6
1526083,DSacc18-3679,Saccharina,-,SL-JS-9,meristem,P_ad_hp,EBPCR1+HpaII,E/cathrynf/14-8-18/001,A8,T/faisal/31-8-18/001,A8,,,GTTGCGGTG,GTTGCGG,1025607,1856975,397752,33,1.78,good,CCVGYANXX,6
1526084,DSacc18-3679,Saccharina,-,SL-JS-11,meristem,P_ad_hp,EBPCR1+HpaII,E/cathrynf/14-8-18/001,B8,T/faisal/31-8-18/001,B8,,,CGCTTCAGT,CGCTTCAG,1025608,1924514,409243,32,1.80,good,CCVGYANXX,6
1526085,DSacc18-3679,Saccharina,-,SL-JS-12,meristem,P_ad_hp,EBPCR1+HpaII,E/cathrynf/14-8-18/001,C8,T/faisal/31-8-18/001,C8,,,CAGAGGTAT,CAGAGGTA,1025609,1843159,392059,31,1.78,good,CCVGYANXX,6
1526086,DSacc18-3679,Saccharina,-,SL-JS-14,meristem,P_ad_hp,EBPCR1+HpaII,E/cathrynf/14-8-18/001,D8,T/faisal/31-8-18/001,D8,,,CGGTGTGCA,CGGTG,1025610,1842204,384264,29,1.86,good,CCVGYANXX,6
1526087,DSacc18-3679,Saccharina,-,SL-JS-15,meristem,P_ad_hp,EBPCR1+HpaII,E/cathrynf/14-8-18/001,E8,T/faisal/31-8-18/001,E8,,,GAGAGGATT,GAGAGGAT,1025611,1850277,392779,32,1.70,good,CCVGYANXX,6
1526088,DSacc18-3679,Saccharina,-,SL-JS-16,meristem,P_ad_hp,EBPCR1+HpaII,E/cathrynf/14-8-18/001,F8,T/faisal/31-8-18/001,F8,,,TCGCAACTT,TCGCAACT,1025612,1867280,394957,29,1.98,good,CCVGYANXX,6
1526089,DSacc18-3679,Saccharina,-,SL-JS-17,meristem,P_ad_hp,EBPCR1+HpaII,E/cathrynf/14-8-18/001,G8,T/faisal/31-8-18/001,G8,,,TACCGCAAT,TACCGCAA,1025613,1930077,405319,30,1.70,good,CCVGYANXX,6
1526090,DSacc18-3679,Saccharina,-,SL-JS-18,meristem,P_ad_hp,EBPCR1+HpaII,E/cathrynf/14-8-18/001,H8,T/faisal/31-8-18/001,H8,,,CGCGGCAAT,CGCGGCAA,1025614,1757014,379000,32,1.82,good,CCVGYANXX,6
1526091,DSacc18-3679,Saccharina,-,SL-JS-19,meristem,P_ad_hp,EBPCR1+HpaII,E/cathrynf/14-8-18/001,A9,T/faisal/31-8-18/001,A9,,,ATATGTGCA,ATATG,1025615,1866164,390879,28,1.90,good,CCVGYANXX,6
1526092,DSacc18-3679,Saccharina,-,SL-JS-20,meristem,P_ad_hp,EBPCR1+HpaII,E/cathrynf/14-8-18/001,B9,T/faisal/31-8-18/001,B9,,,GCTTGACTT,GCTTGACT,1025616,1930792,410083,30,1.89,good,CCVGYANXX,6
1526093,DSacc18-3679,Saccharina,-,SL-FW-1,meristem,P_ad_hp,EBPCR1+HpaII,E/cathrynf/14-8-18/001,C9,T/faisal/31-8-18/001,C9,,,TAGGAATGC,TAGGAA,1025617,1910504,397491,27,1.88,good,CCVGYANXX,6
1526094,DSacc18-3679,Saccharina,-,SL-FW-2,meristem,P_ad_hp,EBPCR1+HpaII,E/cathrynf/14-8-18/001,D9,T/faisal/31-8-18/001,D9,,,GCTCTATGC,GCTCTA,1025618,1949752,399883,33,1.92,good,CCVGYANXX,6
1526095,DSacc18-3679,Saccharina,-,SL-FW-3,meristem,P_ad_hp,EBPCR1+HpaII,E/cathrynf/14-8-18/001,E9,T/faisal/31-8-18/001,E9,,,AACCTGTGC,AACCTG,1025619,1941963,402758,28,1.88,good,CCVGYANXX,6
1526096,DSacc18-3679,Saccharina,-,SL-FW-4,meristem,P_ad_hp,EBPCR1+HpaII,E/cathrynf/14-8-18/001,F9,T/faisal/31-8-18/001,F9,,,AAGGACGTG,AAGGACG,1025620,1791581,384233,30,1.94,good,CCVGYANXX,6
1526097,DSacc18-3679,Saccharina,-,SL-FW-5,meristem,P_ad_hp,EBPCR1+HpaII,E/cathrynf/14-8-18/001,G9,T/faisal/31-8-18/001,G9,,,AGGAGATTG,AGGAGAT,1025621,1810969,374721,29,1.87,good,CCVGYANXX,6
1526098,DSacc18-3679,Saccharina,-,SL-FW-6,meristem,P_ad_hp,EBPCR1+HpaII,E/cathrynf/14-8-18/001,H9,T/faisal/31-8-18/001,H9,,,GCGGATGCA,GCGGA,1025622,1791049,372563,28,1.89,good,CCVGYANXX,6
1526099,DSacc18-3679,Saccharina,-,SL-FW-7,meristem,P_ad_hp,EBPCR1+HpaII,E/cathrynf/14-8-18/001,A10,T/faisal/31-8-18/001,A10,,,AGACGGATG,AGACGGA,1025623,1838970,382721,30,1.99,good,CCVGYANXX,6
1526100,DSacc18-3679,Saccharina,-,SL-FW-8,meristem,P_ad_hp,EBPCR1+HpaII,E/cathrynf/14-8-18/001,B10,T/faisal/31-8-18/001,B10,,,GCGTCTTAT,GCGTCTTA,1025624,1877231,392066,26,1.98,good,CCVGYANXX,6
1526101,DSacc18-3679,Saccharina,-,SL-FW-9,meristem,P_ad_hp,EBPCR1+HpaII,E/cathrynf/14-8-18/001,C10,T/faisal/31-8-18/001,C10,,,CCTCAATTG,CCTCAAT,1025625,1926291,399532,31,1.86,good,CCVGYANXX,6
1526102,DSacc18-3679,Saccharina,-,SL-FW-10,meristem,P_ad_hp,EBPCR1+HpaII,E/cathrynf/14-8-18/001,D10,T/faisal/31-8-18/001,D10,,,TAGCAGAAT,TAGCAGAA,1025626,1973637,406055,31,1.76,good,CCVGYANXX,6
1526103,DSacc18-3679,Saccharina,-,SL-FW-11,meristem,P_ad_hp,EBPCR1+HpaII,E/cathrynf/14-8-18/001,E10,T/faisal/31-8-18/001,E10,,,GTCTACGTG,GTCTACG,1025627,1934987,408295,29,1.89,good,CCVGYANXX,6
1526104,DSacc18-3679,Saccharina,-,SL-NC-7,meristem,P_ad_hp,EBPCR1+HpaII,E/cathrynf/14-8-18/001,F10,T/faisal/31-8-18/001,F10,,,TTGAGTTGC,TTGAGT,1025628,1717354,384438,27,1.87,good,CCVGYANXX,6
1526105,DSacc18-3679,Saccharina,-,SL-FW-14,meristem,P_ad_hp,EBPCR1+HpaII,E/cathrynf/14-8-18/001,G10,T/faisal/31-8-18/001,G10,,,CGCCAAGTG,CGCCAAG,1025629,1713580,380604,28,1.89,good,CCVGYANXX,6
1526106,DSacc18-3679,Saccharina,-,SA-GS-1,meristem,P_ad_hp,EBPCR1+HpaII,E/cathrynf/14-8-18/001,H10,T/faisal/31-8-18/001,H10,,,GTATTTGCA,GTATT,1025630,1862987,383075,30,2.22,good,CCVGYANXX,6
1526107,DSacc18-3679,Saccharina,-,SA-GS-2,meristem,P_ad_hp,EBPCR1+HpaII,E/cathrynf/14-8-18/001,A11,T/faisal/31-8-18/001,A11,,,GCAATGCAG,GCAA,1025631,1899258,378534,31,1.95,good,CCVGYANXX,6
1526108,DSacc18-3679,Saccharina,-,SA-GS-3,meristem,P_ad_hp,EBPCR1+HpaII,E/cathrynf/14-8-18/001,B11,T/faisal/31-8-18/001,B11,,,GGACCTATG,GGACCTA,1025632,1844076,400889,31,2.04,good,CCVGYANXX,6
1526109,DSacc18-3679,Saccharina,-,SA-GS-4,meristem,P_ad_hp,EBPCR1+HpaII,E/cathrynf/14-8-18/001,C11,T/faisal/31-8-18/001,C11,,,TGCCTTTGC,TGCCTT,1025633,1933705,403467,32,1.77,good,CCVGYANXX,6
1526110,DSacc18-3679,Saccharina,-,SA-GS-5,meristem,P_ad_hp,EBPCR1+HpaII,E/cathrynf/14-8-18/001,D11,T/faisal/31-8-18/001,D11,,,CATATCCGT,CATATCCG,1025634,1932030,406362,27,1.81,good,CCVGYANXX,6
1526111,DSacc18-3679,Saccharina,-,SA-GS-6,meristem,P_ad_hp,EBPCR1+HpaII,E/cathrynf/14-8-18/001,E11,T/faisal/31-8-18/001,E11,,,GTTATGCAG,GTTA,1025635,1849987,379777,31,1.88,good,CCVGYANXX,6
1526112,DSacc18-3679,Saccharina,-,SA-GS-7,meristem,P_ad_hp,EBPCR1+HpaII,E/cathrynf/14-8-18/001,F11,T/faisal/31-8-18/001,F11,,,GACGAACTT,GACGAACT,1025636,1757545,382925,29,2.21,good,CCVGYANXX,6
1526113,DSacc18-3679,Saccharina,-,SA-GS-8,meristem,P_ad_hp,EBPCR1+HpaII,E/cathrynf/14-8-18/001,G11,T/faisal/31-8-18/001,G11,,,CAGGACCGT,CAGGACCG,1025637,1721620,369563,31,1.89,good,CCVGYANXX,6
1526114,DSacc18-3679,Saccharina,-,SA-GS-9,meristem,P_ad_hp,EBPCR1+HpaII,E/cathrynf/14-8-18/001,H11,T/faisal/31-8-18/001,H11,,,GGAGACTTT,GGAGACTT,1025638,1758248,380210,29,2.05,good,CCVGYANXX,6
1526115,DSacc18-3679,Saccharina,-,SA-GS-10,meristem,P_ad_hp,EBPCR1+HpaII,E/cathrynf/14-8-18/001,A12,T/faisal/31-8-18/001,A12,,,TAGATGCAG,TAGA,1025639,1856024,379371,29,1.87,good,CCVGYANXX,6
1526116,DSacc18-3679,Saccharina,-,SA-GS-11,meristem,P_ad_hp,EBPCR1+HpaII,E/cathrynf/14-8-18/001,B12,T/faisal/31-8-18/001,B12,,,AATACGTGC,AATACG,1025640,1877811,394920,27,2.25,good,CCVGYANXX,6
1526117,DSacc18-3679,Saccharina,-,SA-GS-12,meristem,P_ad_hp,EBPCR1+HpaII,E/cathrynf/14-8-18/001,C12,T/faisal/31-8-18/001,C12,,,TTACCTTGC,TTACCT,1025641,2006746,426794,29,1.86,good,CCVGYANXX,6
1526118,DSacc18-3679,Saccharina,-,SL-IS-1,meristem,P_ad_hp,EBPCR1+HpaII,E/cathrynf/14-8-18/001,D12,T/faisal/31-8-18/001,D12,,,GATATTGCA,GATAT,1025642,1939609,392351,32,1.79,good,CCVGYANXX,6
1526119,DSacc18-3679,Saccharina,-,SL-IS-2,meristem,P_ad_hp,EBPCR1+HpaII,E/cathrynf/14-8-18/001,E12,T/faisal/31-8-18/001,E12,,,AGCCGTGCA,AGCCG,1025643,1783639,380931,31,1.82,good,CCVGYANXX,6
1526120,DSacc18-3679,Saccharina,-,SL-IS-3,meristem,P_ad_hp,EBPCR1+HpaII,E/cathrynf/14-8-18/001,F12,T/faisal/31-8-18/001,F12,,,CGTTATGCA,CGTTA,1025644,1811094,387973,29,1.87,good,CCVGYANXX,6
