"","Mean","StdErr","Selection","Shorten","SelectSP","TestSP","Year","Cycles","nGP","Ne","varE"
"2",0.925878554204502,0.00901820085671178,"./pheno_1000_1yr_nDH96_varE1_Ne60_Sd_GP.csv","pheno_1000_1yr_nDH96_varE1_Ne60_Sd_GP","pheno",1000,"1yr",2,"nDH96","Ne=60","heritability: 0.5"
"3",0.870865790036333,0.00790051372059965,"./pheno_1000_1yr_nDH96_varE1_Ne60_Sd_GP.csv","pheno_1000_1yr_nDH96_varE1_Ne60_Sd_GP","pheno",1000,"1yr",3,"nDH96","Ne=60","heritability: 0.5"
"4",0.806431671673197,0.0111613303166401,"./pheno_1000_1yr_nDH96_varE1_Ne60_Sd_GP.csv","pheno_1000_1yr_nDH96_varE1_Ne60_Sd_GP","pheno",1000,"1yr",4,"nDH96","Ne=60","heritability: 0.5"
"5",0.766566980149551,0.00964903904135163,"./pheno_1000_1yr_nDH96_varE1_Ne60_Sd_GP.csv","pheno_1000_1yr_nDH96_varE1_Ne60_Sd_GP","pheno",1000,"1yr",5,"nDH96","Ne=60","heritability: 0.5"
"6",0.736840674148642,0.0118399080255721,"./pheno_1000_1yr_nDH96_varE1_Ne60_Sd_GP.csv","pheno_1000_1yr_nDH96_varE1_Ne60_Sd_GP","pheno",1000,"1yr",6,"nDH96","Ne=60","heritability: 0.5"
"7",0.715092655511733,0.010151116089026,"./pheno_1000_1yr_nDH96_varE1_Ne60_Sd_GP.csv","pheno_1000_1yr_nDH96_varE1_Ne60_Sd_GP","pheno",1000,"1yr",7,"nDH96","Ne=60","heritability: 0.5"
"8",0.676596996730669,0.00827097246903788,"./pheno_1000_1yr_nDH96_varE1_Ne60_Sd_GP.csv","pheno_1000_1yr_nDH96_varE1_Ne60_Sd_GP","pheno",1000,"1yr",8,"nDH96","Ne=60","heritability: 0.5"
"9",0.643656791614097,0.0108144765959584,"./pheno_1000_1yr_nDH96_varE1_Ne60_Sd_GP.csv","pheno_1000_1yr_nDH96_varE1_Ne60_Sd_GP","pheno",1000,"1yr",9,"nDH96","Ne=60","heritability: 0.5"
"10",0.60949614271217,0.0107382867987955,"./pheno_1000_1yr_nDH96_varE1_Ne60_Sd_GP.csv","pheno_1000_1yr_nDH96_varE1_Ne60_Sd_GP","pheno",1000,"1yr",10,"nDH96","Ne=60","heritability: 0.5"
"12",0.924565232899264,0.00616532232057818,"./pheno_1000_2yr_nDH96_varE1_Ne60_Sd_GP.csv","pheno_1000_2yr_nDH96_varE1_Ne60_Sd_GP","pheno",1000,"2yr",2,"nDH96","Ne=60","heritability: 0.5"
"14",0.84266468288807,0.00924211665568488,"./pheno_1000_2yr_nDH96_varE1_Ne60_Sd_GP.csv","pheno_1000_2yr_nDH96_varE1_Ne60_Sd_GP","pheno",1000,"2yr",4,"nDH96","Ne=60","heritability: 0.5"
"16",0.795899668434458,0.00978268863479811,"./pheno_1000_2yr_nDH96_varE1_Ne60_Sd_GP.csv","pheno_1000_2yr_nDH96_varE1_Ne60_Sd_GP","pheno",1000,"2yr",6,"nDH96","Ne=60","heritability: 0.5"
"18",0.754839556561631,0.0102137503424627,"./pheno_1000_2yr_nDH96_varE1_Ne60_Sd_GP.csv","pheno_1000_2yr_nDH96_varE1_Ne60_Sd_GP","pheno",1000,"2yr",8,"nDH96","Ne=60","heritability: 0.5"
"20",0.718953873478657,0.0116081753230977,"./pheno_1000_2yr_nDH96_varE1_Ne60_Sd_GP.csv","pheno_1000_2yr_nDH96_varE1_Ne60_Sd_GP","pheno",1000,"2yr",10,"nDH96","Ne=60","heritability: 0.5"
"22",0.91089308687641,0.0133771958084108,"./pheno_400_1yr_nDH96_varE1_Ne60_Sd_GP.csv","pheno_400_1yr_nDH96_varE1_Ne60_Sd_GP","pheno",400,"1yr",2,"nDH96","Ne=60","heritability: 0.5"
"23",0.845515873133777,0.0107392938080042,"./pheno_400_1yr_nDH96_varE1_Ne60_Sd_GP.csv","pheno_400_1yr_nDH96_varE1_Ne60_Sd_GP","pheno",400,"1yr",3,"nDH96","Ne=60","heritability: 0.5"
"24",0.771096064805786,0.0140141708580175,"./pheno_400_1yr_nDH96_varE1_Ne60_Sd_GP.csv","pheno_400_1yr_nDH96_varE1_Ne60_Sd_GP","pheno",400,"1yr",4,"nDH96","Ne=60","heritability: 0.5"
"25",0.71116879690344,0.0135956617670814,"./pheno_400_1yr_nDH96_varE1_Ne60_Sd_GP.csv","pheno_400_1yr_nDH96_varE1_Ne60_Sd_GP","pheno",400,"1yr",5,"nDH96","Ne=60","heritability: 0.5"
"26",0.669297258940216,0.0124823734518467,"./pheno_400_1yr_nDH96_varE1_Ne60_Sd_GP.csv","pheno_400_1yr_nDH96_varE1_Ne60_Sd_GP","pheno",400,"1yr",6,"nDH96","Ne=60","heritability: 0.5"
"27",0.624940691535659,0.0130237556435592,"./pheno_400_1yr_nDH96_varE1_Ne60_Sd_GP.csv","pheno_400_1yr_nDH96_varE1_Ne60_Sd_GP","pheno",400,"1yr",7,"nDH96","Ne=60","heritability: 0.5"
"28",0.566963222640313,0.0164739425801536,"./pheno_400_1yr_nDH96_varE1_Ne60_Sd_GP.csv","pheno_400_1yr_nDH96_varE1_Ne60_Sd_GP","pheno",400,"1yr",8,"nDH96","Ne=60","heritability: 0.5"
"29",0.530724844559589,0.0166797810657393,"./pheno_400_1yr_nDH96_varE1_Ne60_Sd_GP.csv","pheno_400_1yr_nDH96_varE1_Ne60_Sd_GP","pheno",400,"1yr",9,"nDH96","Ne=60","heritability: 0.5"
"30",0.499483354261192,0.0149164510380424,"./pheno_400_1yr_nDH96_varE1_Ne60_Sd_GP.csv","pheno_400_1yr_nDH96_varE1_Ne60_Sd_GP","pheno",400,"1yr",10,"nDH96","Ne=60","heritability: 0.5"
"32",0.928236264778552,0.00922388084065243,"./pheno_400_2yr_nDH96_varE1_Ne60_Sd_GP.csv","pheno_400_2yr_nDH96_varE1_Ne60_Sd_GP","pheno",400,"2yr",2,"nDH96","Ne=60","heritability: 0.5"
"34",0.828411331630159,0.00846795823484902,"./pheno_400_2yr_nDH96_varE1_Ne60_Sd_GP.csv","pheno_400_2yr_nDH96_varE1_Ne60_Sd_GP","pheno",400,"2yr",4,"nDH96","Ne=60","heritability: 0.5"
"36",0.792223083179491,0.0131391212434739,"./pheno_400_2yr_nDH96_varE1_Ne60_Sd_GP.csv","pheno_400_2yr_nDH96_varE1_Ne60_Sd_GP","pheno",400,"2yr",6,"nDH96","Ne=60","heritability: 0.5"
"38",0.758038617589841,0.0173668105535682,"./pheno_400_2yr_nDH96_varE1_Ne60_Sd_GP.csv","pheno_400_2yr_nDH96_varE1_Ne60_Sd_GP","pheno",400,"2yr",8,"nDH96","Ne=60","heritability: 0.5"
"40",0.691434792172641,0.0172565362367494,"./pheno_400_2yr_nDH96_varE1_Ne60_Sd_GP.csv","pheno_400_2yr_nDH96_varE1_Ne60_Sd_GP","pheno",400,"2yr",10,"nDH96","Ne=60","heritability: 0.5"
"42",0.996519711580638,0.0076053993073394,"./rand_1000_1yr_nDH96_varE1_Ne60_Sd_GP.csv","rand_1000_1yr_nDH96_varE1_Ne60_Sd_GP","rand",1000,"1yr",2,"nDH96","Ne=60","heritability: 0.5"
"43",0.909005884918908,0.0109759423596399,"./rand_1000_1yr_nDH96_varE1_Ne60_Sd_GP.csv","rand_1000_1yr_nDH96_varE1_Ne60_Sd_GP","rand",1000,"1yr",3,"nDH96","Ne=60","heritability: 0.5"
"44",0.843985920980908,0.0080136094863237,"./rand_1000_1yr_nDH96_varE1_Ne60_Sd_GP.csv","rand_1000_1yr_nDH96_varE1_Ne60_Sd_GP","rand",1000,"1yr",4,"nDH96","Ne=60","heritability: 0.5"
"45",0.812161870170221,0.0087012320816136,"./rand_1000_1yr_nDH96_varE1_Ne60_Sd_GP.csv","rand_1000_1yr_nDH96_varE1_Ne60_Sd_GP","rand",1000,"1yr",5,"nDH96","Ne=60","heritability: 0.5"
"46",0.795892404241761,0.0125467780494488,"./rand_1000_1yr_nDH96_varE1_Ne60_Sd_GP.csv","rand_1000_1yr_nDH96_varE1_Ne60_Sd_GP","rand",1000,"1yr",6,"nDH96","Ne=60","heritability: 0.5"
"47",0.759896985488552,0.0104268220705693,"./rand_1000_1yr_nDH96_varE1_Ne60_Sd_GP.csv","rand_1000_1yr_nDH96_varE1_Ne60_Sd_GP","rand",1000,"1yr",7,"nDH96","Ne=60","heritability: 0.5"
"48",0.727012821599172,0.0104431856545303,"./rand_1000_1yr_nDH96_varE1_Ne60_Sd_GP.csv","rand_1000_1yr_nDH96_varE1_Ne60_Sd_GP","rand",1000,"1yr",8,"nDH96","Ne=60","heritability: 0.5"
"49",0.691616897386245,0.0112556494713046,"./rand_1000_1yr_nDH96_varE1_Ne60_Sd_GP.csv","rand_1000_1yr_nDH96_varE1_Ne60_Sd_GP","rand",1000,"1yr",9,"nDH96","Ne=60","heritability: 0.5"
"50",0.679043756571859,0.011608567905784,"./rand_1000_1yr_nDH96_varE1_Ne60_Sd_GP.csv","rand_1000_1yr_nDH96_varE1_Ne60_Sd_GP","rand",1000,"1yr",10,"nDH96","Ne=60","heritability: 0.5"
"52",0.983593612668943,0.00562104312636292,"./rand_1000_2yr_nDH96_varE1_Ne60_Sd_GP.csv","rand_1000_2yr_nDH96_varE1_Ne60_Sd_GP","rand",1000,"2yr",2,"nDH96","Ne=60","heritability: 0.5"
"54",0.896032454544362,0.0110444414899727,"./rand_1000_2yr_nDH96_varE1_Ne60_Sd_GP.csv","rand_1000_2yr_nDH96_varE1_Ne60_Sd_GP","rand",1000,"2yr",4,"nDH96","Ne=60","heritability: 0.5"
"56",0.855625640931728,0.00992383728631551,"./rand_1000_2yr_nDH96_varE1_Ne60_Sd_GP.csv","rand_1000_2yr_nDH96_varE1_Ne60_Sd_GP","rand",1000,"2yr",6,"nDH96","Ne=60","heritability: 0.5"
"58",0.801784040860485,0.0155963134258916,"./rand_1000_2yr_nDH96_varE1_Ne60_Sd_GP.csv","rand_1000_2yr_nDH96_varE1_Ne60_Sd_GP","rand",1000,"2yr",8,"nDH96","Ne=60","heritability: 0.5"
"60",0.788351666468086,0.0129589292700993,"./rand_1000_2yr_nDH96_varE1_Ne60_Sd_GP.csv","rand_1000_2yr_nDH96_varE1_Ne60_Sd_GP","rand",1000,"2yr",10,"nDH96","Ne=60","heritability: 0.5"
"62",1.01834216980602,0.0192326240838048,"./rand_400_1yr_nDH96_varE1_Ne60_Sd_GP.csv","rand_400_1yr_nDH96_varE1_Ne60_Sd_GP","rand",400,"1yr",2,"nDH96","Ne=60","heritability: 0.5"
"63",0.898442975513595,0.0149572214270402,"./rand_400_1yr_nDH96_varE1_Ne60_Sd_GP.csv","rand_400_1yr_nDH96_varE1_Ne60_Sd_GP","rand",400,"1yr",3,"nDH96","Ne=60","heritability: 0.5"
"64",0.831557478615794,0.013984830160535,"./rand_400_1yr_nDH96_varE1_Ne60_Sd_GP.csv","rand_400_1yr_nDH96_varE1_Ne60_Sd_GP","rand",400,"1yr",4,"nDH96","Ne=60","heritability: 0.5"
"65",0.780448218617923,0.0149117011666054,"./rand_400_1yr_nDH96_varE1_Ne60_Sd_GP.csv","rand_400_1yr_nDH96_varE1_Ne60_Sd_GP","rand",400,"1yr",5,"nDH96","Ne=60","heritability: 0.5"
"66",0.732283592841615,0.0192813567997563,"./rand_400_1yr_nDH96_varE1_Ne60_Sd_GP.csv","rand_400_1yr_nDH96_varE1_Ne60_Sd_GP","rand",400,"1yr",6,"nDH96","Ne=60","heritability: 0.5"
"67",0.694407570428204,0.0218915785090517,"./rand_400_1yr_nDH96_varE1_Ne60_Sd_GP.csv","rand_400_1yr_nDH96_varE1_Ne60_Sd_GP","rand",400,"1yr",7,"nDH96","Ne=60","heritability: 0.5"
"68",0.660012216538212,0.0210478228918959,"./rand_400_1yr_nDH96_varE1_Ne60_Sd_GP.csv","rand_400_1yr_nDH96_varE1_Ne60_Sd_GP","rand",400,"1yr",8,"nDH96","Ne=60","heritability: 0.5"
"69",0.625027129085926,0.018170139283329,"./rand_400_1yr_nDH96_varE1_Ne60_Sd_GP.csv","rand_400_1yr_nDH96_varE1_Ne60_Sd_GP","rand",400,"1yr",9,"nDH96","Ne=60","heritability: 0.5"
"70",0.586970831671524,0.0201692471807443,"./rand_400_1yr_nDH96_varE1_Ne60_Sd_GP.csv","rand_400_1yr_nDH96_varE1_Ne60_Sd_GP","rand",400,"1yr",10,"nDH96","Ne=60","heritability: 0.5"
"72",0.97225444347467,0.011663812999544,"./rand_400_2yr_nDH96_varE1_Ne60_Sd_GP.csv","rand_400_2yr_nDH96_varE1_Ne60_Sd_GP","rand",400,"2yr",2,"nDH96","Ne=60","heritability: 0.5"
"74",0.863475052090522,0.0114127705554265,"./rand_400_2yr_nDH96_varE1_Ne60_Sd_GP.csv","rand_400_2yr_nDH96_varE1_Ne60_Sd_GP","rand",400,"2yr",4,"nDH96","Ne=60","heritability: 0.5"
"76",0.814210481041561,0.0147158882320614,"./rand_400_2yr_nDH96_varE1_Ne60_Sd_GP.csv","rand_400_2yr_nDH96_varE1_Ne60_Sd_GP","rand",400,"2yr",6,"nDH96","Ne=60","heritability: 0.5"
"78",0.790104350842615,0.0193249538458932,"./rand_400_2yr_nDH96_varE1_Ne60_Sd_GP.csv","rand_400_2yr_nDH96_varE1_Ne60_Sd_GP","rand",400,"2yr",8,"nDH96","Ne=60","heritability: 0.5"
"80",0.71691403633723,0.0135092635867934,"./rand_400_2yr_nDH96_varE1_Ne60_Sd_GP.csv","rand_400_2yr_nDH96_varE1_Ne60_Sd_GP","rand",400,"2yr",10,"nDH96","Ne=60","heritability: 0.5"
"82",0.920329281893817,0.0061423895221057,"./pheno_1000_1yr_nDH96_varE1_Ne600_Sd_GP.csv","pheno_1000_1yr_nDH96_varE1_Ne600_Sd_GP","pheno",1000,"1yr",2,"nDH96","Ne=600","heritability: 0.5"
"83",0.881199283666418,0.00738158565314412,"./pheno_1000_1yr_nDH96_varE1_Ne600_Sd_GP.csv","pheno_1000_1yr_nDH96_varE1_Ne600_Sd_GP","pheno",1000,"1yr",3,"nDH96","Ne=600","heritability: 0.5"
"84",0.830220497892723,0.00924153817710405,"./pheno_1000_1yr_nDH96_varE1_Ne600_Sd_GP.csv","pheno_1000_1yr_nDH96_varE1_Ne600_Sd_GP","pheno",1000,"1yr",4,"nDH96","Ne=600","heritability: 0.5"
"85",0.780753838922474,0.0157346219872545,"./pheno_1000_1yr_nDH96_varE1_Ne600_Sd_GP.csv","pheno_1000_1yr_nDH96_varE1_Ne600_Sd_GP","pheno",1000,"1yr",5,"nDH96","Ne=600","heritability: 0.5"
"86",0.74816568001485,0.0128709365129753,"./pheno_1000_1yr_nDH96_varE1_Ne600_Sd_GP.csv","pheno_1000_1yr_nDH96_varE1_Ne600_Sd_GP","pheno",1000,"1yr",6,"nDH96","Ne=600","heritability: 0.5"
"87",0.718739331563663,0.012848835521693,"./pheno_1000_1yr_nDH96_varE1_Ne600_Sd_GP.csv","pheno_1000_1yr_nDH96_varE1_Ne600_Sd_GP","pheno",1000,"1yr",7,"nDH96","Ne=600","heritability: 0.5"
"88",0.705314572219419,0.012855822730701,"./pheno_1000_1yr_nDH96_varE1_Ne600_Sd_GP.csv","pheno_1000_1yr_nDH96_varE1_Ne600_Sd_GP","pheno",1000,"1yr",8,"nDH96","Ne=600","heritability: 0.5"
"89",0.664965874887479,0.0131787327174994,"./pheno_1000_1yr_nDH96_varE1_Ne600_Sd_GP.csv","pheno_1000_1yr_nDH96_varE1_Ne600_Sd_GP","pheno",1000,"1yr",9,"nDH96","Ne=600","heritability: 0.5"
"90",0.638152844440612,0.014358263970315,"./pheno_1000_1yr_nDH96_varE1_Ne600_Sd_GP.csv","pheno_1000_1yr_nDH96_varE1_Ne600_Sd_GP","pheno",1000,"1yr",10,"nDH96","Ne=600","heritability: 0.5"
"92",0.926692291374766,0.00820948145771857,"./pheno_1000_2yr_nDH96_varE1_Ne600_Sd_GP.csv","pheno_1000_2yr_nDH96_varE1_Ne600_Sd_GP","pheno",1000,"2yr",2,"nDH96","Ne=600","heritability: 0.5"
"94",0.870238455446769,0.00784310691561516,"./pheno_1000_2yr_nDH96_varE1_Ne600_Sd_GP.csv","pheno_1000_2yr_nDH96_varE1_Ne600_Sd_GP","pheno",1000,"2yr",4,"nDH96","Ne=600","heritability: 0.5"
"96",0.828992064598872,0.01158467260793,"./pheno_1000_2yr_nDH96_varE1_Ne600_Sd_GP.csv","pheno_1000_2yr_nDH96_varE1_Ne600_Sd_GP","pheno",1000,"2yr",6,"nDH96","Ne=600","heritability: 0.5"
"98",0.810067489179904,0.00903029494990064,"./pheno_1000_2yr_nDH96_varE1_Ne600_Sd_GP.csv","pheno_1000_2yr_nDH96_varE1_Ne600_Sd_GP","pheno",1000,"2yr",8,"nDH96","Ne=600","heritability: 0.5"
"100",0.758612255231745,0.0103894982003456,"./pheno_1000_2yr_nDH96_varE1_Ne600_Sd_GP.csv","pheno_1000_2yr_nDH96_varE1_Ne600_Sd_GP","pheno",1000,"2yr",10,"nDH96","Ne=600","heritability: 0.5"
"102",0.909148393514844,0.0090386772336512,"./pheno_400_1yr_nDH96_varE1_Ne600_Sd_GP.csv","pheno_400_1yr_nDH96_varE1_Ne600_Sd_GP","pheno",400,"1yr",2,"nDH96","Ne=600","heritability: 0.5"
"103",0.837883169406308,0.00914966687630087,"./pheno_400_1yr_nDH96_varE1_Ne600_Sd_GP.csv","pheno_400_1yr_nDH96_varE1_Ne600_Sd_GP","pheno",400,"1yr",3,"nDH96","Ne=600","heritability: 0.5"
"104",0.772420107805875,0.0184205277410803,"./pheno_400_1yr_nDH96_varE1_Ne600_Sd_GP.csv","pheno_400_1yr_nDH96_varE1_Ne600_Sd_GP","pheno",400,"1yr",4,"nDH96","Ne=600","heritability: 0.5"
"105",0.699583232235617,0.0171030072680141,"./pheno_400_1yr_nDH96_varE1_Ne600_Sd_GP.csv","pheno_400_1yr_nDH96_varE1_Ne600_Sd_GP","pheno",400,"1yr",5,"nDH96","Ne=600","heritability: 0.5"
"106",0.680231623589674,0.0183490175888722,"./pheno_400_1yr_nDH96_varE1_Ne600_Sd_GP.csv","pheno_400_1yr_nDH96_varE1_Ne600_Sd_GP","pheno",400,"1yr",6,"nDH96","Ne=600","heritability: 0.5"
"107",0.633469727296976,0.0179530021780283,"./pheno_400_1yr_nDH96_varE1_Ne600_Sd_GP.csv","pheno_400_1yr_nDH96_varE1_Ne600_Sd_GP","pheno",400,"1yr",7,"nDH96","Ne=600","heritability: 0.5"
"108",0.584000863924202,0.0180574072249056,"./pheno_400_1yr_nDH96_varE1_Ne600_Sd_GP.csv","pheno_400_1yr_nDH96_varE1_Ne600_Sd_GP","pheno",400,"1yr",8,"nDH96","Ne=600","heritability: 0.5"
"109",0.530593693826615,0.0198058570999272,"./pheno_400_1yr_nDH96_varE1_Ne600_Sd_GP.csv","pheno_400_1yr_nDH96_varE1_Ne600_Sd_GP","pheno",400,"1yr",9,"nDH96","Ne=600","heritability: 0.5"
"110",0.491090806585352,0.0188292688458872,"./pheno_400_1yr_nDH96_varE1_Ne600_Sd_GP.csv","pheno_400_1yr_nDH96_varE1_Ne600_Sd_GP","pheno",400,"1yr",10,"nDH96","Ne=600","heritability: 0.5"
"112",0.921915771433113,0.00433946511123052,"./pheno_400_2yr_nDH96_varE1_Ne600_Sd_GP.csv","pheno_400_2yr_nDH96_varE1_Ne600_Sd_GP","pheno",400,"2yr",2,"nDH96","Ne=600","heritability: 0.5"
"114",0.867283863504118,0.0165117339696663,"./pheno_400_2yr_nDH96_varE1_Ne600_Sd_GP.csv","pheno_400_2yr_nDH96_varE1_Ne600_Sd_GP","pheno",400,"2yr",4,"nDH96","Ne=600","heritability: 0.5"
"116",0.761000726930667,0.0126430043717719,"./pheno_400_2yr_nDH96_varE1_Ne600_Sd_GP.csv","pheno_400_2yr_nDH96_varE1_Ne600_Sd_GP","pheno",400,"2yr",6,"nDH96","Ne=600","heritability: 0.5"
"118",0.680884410576134,0.0197446280116658,"./pheno_400_2yr_nDH96_varE1_Ne600_Sd_GP.csv","pheno_400_2yr_nDH96_varE1_Ne600_Sd_GP","pheno",400,"2yr",8,"nDH96","Ne=600","heritability: 0.5"
"120",0.666343267284428,0.0219197158889255,"./pheno_400_2yr_nDH96_varE1_Ne600_Sd_GP.csv","pheno_400_2yr_nDH96_varE1_Ne600_Sd_GP","pheno",400,"2yr",10,"nDH96","Ne=600","heritability: 0.5"
"122",0.993951802665587,0.00967408963735593,"./rand_1000_1yr_nDH96_varE1_Ne600_Sd_GP.csv","rand_1000_1yr_nDH96_varE1_Ne600_Sd_GP","rand",1000,"1yr",2,"nDH96","Ne=600","heritability: 0.5"
"123",0.93723269833663,0.00967204506629299,"./rand_1000_1yr_nDH96_varE1_Ne600_Sd_GP.csv","rand_1000_1yr_nDH96_varE1_Ne600_Sd_GP","rand",1000,"1yr",3,"nDH96","Ne=600","heritability: 0.5"
"124",0.899188013208345,0.013425242473829,"./rand_1000_1yr_nDH96_varE1_Ne600_Sd_GP.csv","rand_1000_1yr_nDH96_varE1_Ne600_Sd_GP","rand",1000,"1yr",4,"nDH96","Ne=600","heritability: 0.5"
"125",0.848719867700381,0.0118429124949945,"./rand_1000_1yr_nDH96_varE1_Ne600_Sd_GP.csv","rand_1000_1yr_nDH96_varE1_Ne600_Sd_GP","rand",1000,"1yr",5,"nDH96","Ne=600","heritability: 0.5"
"126",0.817852844202267,0.0142459031484304,"./rand_1000_1yr_nDH96_varE1_Ne600_Sd_GP.csv","rand_1000_1yr_nDH96_varE1_Ne600_Sd_GP","rand",1000,"1yr",6,"nDH96","Ne=600","heritability: 0.5"
"127",0.783841087522931,0.0179609541805805,"./rand_1000_1yr_nDH96_varE1_Ne600_Sd_GP.csv","rand_1000_1yr_nDH96_varE1_Ne600_Sd_GP","rand",1000,"1yr",7,"nDH96","Ne=600","heritability: 0.5"
"128",0.750503576801748,0.0237053234152417,"./rand_1000_1yr_nDH96_varE1_Ne600_Sd_GP.csv","rand_1000_1yr_nDH96_varE1_Ne600_Sd_GP","rand",1000,"1yr",8,"nDH96","Ne=600","heritability: 0.5"
"129",0.719051089034209,0.0230248289762666,"./rand_1000_1yr_nDH96_varE1_Ne600_Sd_GP.csv","rand_1000_1yr_nDH96_varE1_Ne600_Sd_GP","rand",1000,"1yr",9,"nDH96","Ne=600","heritability: 0.5"
"130",0.699313099945066,0.0242229739696126,"./rand_1000_1yr_nDH96_varE1_Ne600_Sd_GP.csv","rand_1000_1yr_nDH96_varE1_Ne600_Sd_GP","rand",1000,"1yr",10,"nDH96","Ne=600","heritability: 0.5"
"132",0.987966401170671,0.00989228989325596,"./rand_1000_2yr_nDH96_varE1_Ne600_Sd_GP.csv","rand_1000_2yr_nDH96_varE1_Ne600_Sd_GP","rand",1000,"2yr",2,"nDH96","Ne=600","heritability: 0.5"
"134",0.935009870792916,0.00692288452078537,"./rand_1000_2yr_nDH96_varE1_Ne600_Sd_GP.csv","rand_1000_2yr_nDH96_varE1_Ne600_Sd_GP","rand",1000,"2yr",4,"nDH96","Ne=600","heritability: 0.5"
"136",0.883949384515394,0.00830963384679974,"./rand_1000_2yr_nDH96_varE1_Ne600_Sd_GP.csv","rand_1000_2yr_nDH96_varE1_Ne600_Sd_GP","rand",1000,"2yr",6,"nDH96","Ne=600","heritability: 0.5"
"138",0.846312196246121,0.00953696121148012,"./rand_1000_2yr_nDH96_varE1_Ne600_Sd_GP.csv","rand_1000_2yr_nDH96_varE1_Ne600_Sd_GP","rand",1000,"2yr",8,"nDH96","Ne=600","heritability: 0.5"
"140",0.819834831100296,0.0107714025272067,"./rand_1000_2yr_nDH96_varE1_Ne600_Sd_GP.csv","rand_1000_2yr_nDH96_varE1_Ne600_Sd_GP","rand",1000,"2yr",10,"nDH96","Ne=600","heritability: 0.5"
"142",1.00660632823235,0.0106641017797425,"./rand_400_1yr_nDH96_varE1_Ne600_Sd_GP.csv","rand_400_1yr_nDH96_varE1_Ne600_Sd_GP","rand",400,"1yr",2,"nDH96","Ne=600","heritability: 0.5"
"143",0.925352561749622,0.0159926768258983,"./rand_400_1yr_nDH96_varE1_Ne600_Sd_GP.csv","rand_400_1yr_nDH96_varE1_Ne600_Sd_GP","rand",400,"1yr",3,"nDH96","Ne=600","heritability: 0.5"
"144",0.815293648190893,0.00985512451957039,"./rand_400_1yr_nDH96_varE1_Ne600_Sd_GP.csv","rand_400_1yr_nDH96_varE1_Ne600_Sd_GP","rand",400,"1yr",4,"nDH96","Ne=600","heritability: 0.5"
"145",0.76015806200643,0.0218514314585858,"./rand_400_1yr_nDH96_varE1_Ne600_Sd_GP.csv","rand_400_1yr_nDH96_varE1_Ne600_Sd_GP","rand",400,"1yr",5,"nDH96","Ne=600","heritability: 0.5"
"146",0.730950988268526,0.0226178290356006,"./rand_400_1yr_nDH96_varE1_Ne600_Sd_GP.csv","rand_400_1yr_nDH96_varE1_Ne600_Sd_GP","rand",400,"1yr",6,"nDH96","Ne=600","heritability: 0.5"
"147",0.687180868856491,0.0246613017585459,"./rand_400_1yr_nDH96_varE1_Ne600_Sd_GP.csv","rand_400_1yr_nDH96_varE1_Ne600_Sd_GP","rand",400,"1yr",7,"nDH96","Ne=600","heritability: 0.5"
"148",0.644295360093995,0.0254826201047432,"./rand_400_1yr_nDH96_varE1_Ne600_Sd_GP.csv","rand_400_1yr_nDH96_varE1_Ne600_Sd_GP","rand",400,"1yr",8,"nDH96","Ne=600","heritability: 0.5"
"149",0.611787529151432,0.0208284335626909,"./rand_400_1yr_nDH96_varE1_Ne600_Sd_GP.csv","rand_400_1yr_nDH96_varE1_Ne600_Sd_GP","rand",400,"1yr",9,"nDH96","Ne=600","heritability: 0.5"
"150",0.568074706765537,0.0237390635179141,"./rand_400_1yr_nDH96_varE1_Ne600_Sd_GP.csv","rand_400_1yr_nDH96_varE1_Ne600_Sd_GP","rand",400,"1yr",10,"nDH96","Ne=600","heritability: 0.5"
"152",1.0058760738983,0.011416657021779,"./rand_400_2yr_nDH96_varE1_Ne600_Sd_GP.csv","rand_400_2yr_nDH96_varE1_Ne600_Sd_GP","rand",400,"2yr",2,"nDH96","Ne=600","heritability: 0.5"
"154",0.915411303972181,0.0153563684573797,"./rand_400_2yr_nDH96_varE1_Ne600_Sd_GP.csv","rand_400_2yr_nDH96_varE1_Ne600_Sd_GP","rand",400,"2yr",4,"nDH96","Ne=600","heritability: 0.5"
"156",0.815364286380145,0.0145113987019906,"./rand_400_2yr_nDH96_varE1_Ne600_Sd_GP.csv","rand_400_2yr_nDH96_varE1_Ne600_Sd_GP","rand",400,"2yr",6,"nDH96","Ne=600","heritability: 0.5"
"158",0.794011594140955,0.0178929137098688,"./rand_400_2yr_nDH96_varE1_Ne600_Sd_GP.csv","rand_400_2yr_nDH96_varE1_Ne600_Sd_GP","rand",400,"2yr",8,"nDH96","Ne=600","heritability: 0.5"
"160",0.740231956748036,0.0221191429072904,"./rand_400_2yr_nDH96_varE1_Ne600_Sd_GP.csv","rand_400_2yr_nDH96_varE1_Ne600_Sd_GP","rand",400,"2yr",10,"nDH96","Ne=600","heritability: 0.5"
"162",0.981951145570107,0.00725942069914295,"./pheno_1000_1yr_nDH96_varE4_Ne60_Sd_GP.csv","pheno_1000_1yr_nDH96_varE4_Ne60_Sd_GP","pheno",1000,"1yr",2,"nDH96","Ne=60","heritability: 0.2"
"163",0.919017770805553,0.00908022763683702,"./pheno_1000_1yr_nDH96_varE4_Ne60_Sd_GP.csv","pheno_1000_1yr_nDH96_varE4_Ne60_Sd_GP","pheno",1000,"1yr",3,"nDH96","Ne=60","heritability: 0.2"
"164",0.867327439019297,0.0113746177293791,"./pheno_1000_1yr_nDH96_varE4_Ne60_Sd_GP.csv","pheno_1000_1yr_nDH96_varE4_Ne60_Sd_GP","pheno",1000,"1yr",4,"nDH96","Ne=60","heritability: 0.2"
"165",0.798113354155011,0.0118301712413401,"./pheno_1000_1yr_nDH96_varE4_Ne60_Sd_GP.csv","pheno_1000_1yr_nDH96_varE4_Ne60_Sd_GP","pheno",1000,"1yr",5,"nDH96","Ne=60","heritability: 0.2"
"166",0.776564307479244,0.0194941903209679,"./pheno_1000_1yr_nDH96_varE4_Ne60_Sd_GP.csv","pheno_1000_1yr_nDH96_varE4_Ne60_Sd_GP","pheno",1000,"1yr",6,"nDH96","Ne=60","heritability: 0.2"
"167",0.734580811853499,0.0168400466598416,"./pheno_1000_1yr_nDH96_varE4_Ne60_Sd_GP.csv","pheno_1000_1yr_nDH96_varE4_Ne60_Sd_GP","pheno",1000,"1yr",7,"nDH96","Ne=60","heritability: 0.2"
"168",0.705324907016704,0.0163871661869289,"./pheno_1000_1yr_nDH96_varE4_Ne60_Sd_GP.csv","pheno_1000_1yr_nDH96_varE4_Ne60_Sd_GP","pheno",1000,"1yr",8,"nDH96","Ne=60","heritability: 0.2"
"169",0.677410019516164,0.0152646189104254,"./pheno_1000_1yr_nDH96_varE4_Ne60_Sd_GP.csv","pheno_1000_1yr_nDH96_varE4_Ne60_Sd_GP","pheno",1000,"1yr",9,"nDH96","Ne=60","heritability: 0.2"
"170",0.653408246920777,0.0156280769250489,"./pheno_1000_1yr_nDH96_varE4_Ne60_Sd_GP.csv","pheno_1000_1yr_nDH96_varE4_Ne60_Sd_GP","pheno",1000,"1yr",10,"nDH96","Ne=60","heritability: 0.2"
"172",0.970277275323778,0.00877094173878007,"./pheno_1000_2yr_nDH96_varE4_Ne60_Sd_GP.csv","pheno_1000_2yr_nDH96_varE4_Ne60_Sd_GP","pheno",1000,"2yr",2,"nDH96","Ne=60","heritability: 0.2"
"174",0.903606174000366,0.00850897465862829,"./pheno_1000_2yr_nDH96_varE4_Ne60_Sd_GP.csv","pheno_1000_2yr_nDH96_varE4_Ne60_Sd_GP","pheno",1000,"2yr",4,"nDH96","Ne=60","heritability: 0.2"
"176",0.849456701102217,0.00864948665823371,"./pheno_1000_2yr_nDH96_varE4_Ne60_Sd_GP.csv","pheno_1000_2yr_nDH96_varE4_Ne60_Sd_GP","pheno",1000,"2yr",6,"nDH96","Ne=60","heritability: 0.2"
"178",0.800217453733858,0.00768672294287227,"./pheno_1000_2yr_nDH96_varE4_Ne60_Sd_GP.csv","pheno_1000_2yr_nDH96_varE4_Ne60_Sd_GP","pheno",1000,"2yr",8,"nDH96","Ne=60","heritability: 0.2"
"180",0.774020536645029,0.00649441246266504,"./pheno_1000_2yr_nDH96_varE4_Ne60_Sd_GP.csv","pheno_1000_2yr_nDH96_varE4_Ne60_Sd_GP","pheno",1000,"2yr",10,"nDH96","Ne=60","heritability: 0.2"
"182",0.951312995986431,0.0108249876083237,"./pheno_400_1yr_nDH96_varE4_Ne60_Sd_GP.csv","pheno_400_1yr_nDH96_varE4_Ne60_Sd_GP","pheno",400,"1yr",2,"nDH96","Ne=60","heritability: 0.2"
"183",0.914694427761424,0.0133177935387185,"./pheno_400_1yr_nDH96_varE4_Ne60_Sd_GP.csv","pheno_400_1yr_nDH96_varE4_Ne60_Sd_GP","pheno",400,"1yr",3,"nDH96","Ne=60","heritability: 0.2"
"184",0.823446504142912,0.0172979351742308,"./pheno_400_1yr_nDH96_varE4_Ne60_Sd_GP.csv","pheno_400_1yr_nDH96_varE4_Ne60_Sd_GP","pheno",400,"1yr",4,"nDH96","Ne=60","heritability: 0.2"
"185",0.731819025911915,0.0245707639339348,"./pheno_400_1yr_nDH96_varE4_Ne60_Sd_GP.csv","pheno_400_1yr_nDH96_varE4_Ne60_Sd_GP","pheno",400,"1yr",5,"nDH96","Ne=60","heritability: 0.2"
"186",0.682056726757872,0.0230680072344068,"./pheno_400_1yr_nDH96_varE4_Ne60_Sd_GP.csv","pheno_400_1yr_nDH96_varE4_Ne60_Sd_GP","pheno",400,"1yr",6,"nDH96","Ne=60","heritability: 0.2"
"187",0.633182069174674,0.0287787211148606,"./pheno_400_1yr_nDH96_varE4_Ne60_Sd_GP.csv","pheno_400_1yr_nDH96_varE4_Ne60_Sd_GP","pheno",400,"1yr",7,"nDH96","Ne=60","heritability: 0.2"
"188",0.592226778983105,0.0246639507219322,"./pheno_400_1yr_nDH96_varE4_Ne60_Sd_GP.csv","pheno_400_1yr_nDH96_varE4_Ne60_Sd_GP","pheno",400,"1yr",8,"nDH96","Ne=60","heritability: 0.2"
"189",0.568110702730998,0.0258461663619453,"./pheno_400_1yr_nDH96_varE4_Ne60_Sd_GP.csv","pheno_400_1yr_nDH96_varE4_Ne60_Sd_GP","pheno",400,"1yr",9,"nDH96","Ne=60","heritability: 0.2"
"190",0.508462853235233,0.0215295512978795,"./pheno_400_1yr_nDH96_varE4_Ne60_Sd_GP.csv","pheno_400_1yr_nDH96_varE4_Ne60_Sd_GP","pheno",400,"1yr",10,"nDH96","Ne=60","heritability: 0.2"
"192",0.94883694809821,0.0114486903700891,"./pheno_400_2yr_nDH96_varE4_Ne60_Sd_GP.csv","pheno_400_2yr_nDH96_varE4_Ne60_Sd_GP","pheno",400,"2yr",2,"nDH96","Ne=60","heritability: 0.2"
"194",0.880784680209542,0.0142193397762638,"./pheno_400_2yr_nDH96_varE4_Ne60_Sd_GP.csv","pheno_400_2yr_nDH96_varE4_Ne60_Sd_GP","pheno",400,"2yr",4,"nDH96","Ne=60","heritability: 0.2"
"196",0.833365901643843,0.0175111967994992,"./pheno_400_2yr_nDH96_varE4_Ne60_Sd_GP.csv","pheno_400_2yr_nDH96_varE4_Ne60_Sd_GP","pheno",400,"2yr",6,"nDH96","Ne=60","heritability: 0.2"
"198",0.773743783845664,0.0165434353995475,"./pheno_400_2yr_nDH96_varE4_Ne60_Sd_GP.csv","pheno_400_2yr_nDH96_varE4_Ne60_Sd_GP","pheno",400,"2yr",8,"nDH96","Ne=60","heritability: 0.2"
"200",0.721030028336607,0.0170833236902061,"./pheno_400_2yr_nDH96_varE4_Ne60_Sd_GP.csv","pheno_400_2yr_nDH96_varE4_Ne60_Sd_GP","pheno",400,"2yr",10,"nDH96","Ne=60","heritability: 0.2"
"202",0.994349371722746,0.00790532765618924,"./rand_1000_1yr_nDH96_varE4_Ne60_Sd_GP.csv","rand_1000_1yr_nDH96_varE4_Ne60_Sd_GP","rand",1000,"1yr",2,"nDH96","Ne=60","heritability: 0.2"
"203",0.949746361798176,0.0129439400185006,"./rand_1000_1yr_nDH96_varE4_Ne60_Sd_GP.csv","rand_1000_1yr_nDH96_varE4_Ne60_Sd_GP","rand",1000,"1yr",3,"nDH96","Ne=60","heritability: 0.2"
"204",0.889393851832693,0.00824860506249802,"./rand_1000_1yr_nDH96_varE4_Ne60_Sd_GP.csv","rand_1000_1yr_nDH96_varE4_Ne60_Sd_GP","rand",1000,"1yr",4,"nDH96","Ne=60","heritability: 0.2"
"205",0.832543753276247,0.0179466061360154,"./rand_1000_1yr_nDH96_varE4_Ne60_Sd_GP.csv","rand_1000_1yr_nDH96_varE4_Ne60_Sd_GP","rand",1000,"1yr",5,"nDH96","Ne=60","heritability: 0.2"
"206",0.786149148549394,0.0196131978443773,"./rand_1000_1yr_nDH96_varE4_Ne60_Sd_GP.csv","rand_1000_1yr_nDH96_varE4_Ne60_Sd_GP","rand",1000,"1yr",6,"nDH96","Ne=60","heritability: 0.2"
"207",0.763513938473442,0.0163179416350469,"./rand_1000_1yr_nDH96_varE4_Ne60_Sd_GP.csv","rand_1000_1yr_nDH96_varE4_Ne60_Sd_GP","rand",1000,"1yr",7,"nDH96","Ne=60","heritability: 0.2"
"208",0.744302278999935,0.0211729785543489,"./rand_1000_1yr_nDH96_varE4_Ne60_Sd_GP.csv","rand_1000_1yr_nDH96_varE4_Ne60_Sd_GP","rand",1000,"1yr",8,"nDH96","Ne=60","heritability: 0.2"
"209",0.713922375632333,0.018813564238367,"./rand_1000_1yr_nDH96_varE4_Ne60_Sd_GP.csv","rand_1000_1yr_nDH96_varE4_Ne60_Sd_GP","rand",1000,"1yr",9,"nDH96","Ne=60","heritability: 0.2"
"210",0.710239678165059,0.0171663250056526,"./rand_1000_1yr_nDH96_varE4_Ne60_Sd_GP.csv","rand_1000_1yr_nDH96_varE4_Ne60_Sd_GP","rand",1000,"1yr",10,"nDH96","Ne=60","heritability: 0.2"
"212",1.00807458669744,0.00798591091947149,"./rand_1000_2yr_nDH96_varE4_Ne60_Sd_GP.csv","rand_1000_2yr_nDH96_varE4_Ne60_Sd_GP","rand",1000,"2yr",2,"nDH96","Ne=60","heritability: 0.2"
"214",0.936959741020144,0.00934739803501697,"./rand_1000_2yr_nDH96_varE4_Ne60_Sd_GP.csv","rand_1000_2yr_nDH96_varE4_Ne60_Sd_GP","rand",1000,"2yr",4,"nDH96","Ne=60","heritability: 0.2"
"216",0.891007028770364,0.010646298441177,"./rand_1000_2yr_nDH96_varE4_Ne60_Sd_GP.csv","rand_1000_2yr_nDH96_varE4_Ne60_Sd_GP","rand",1000,"2yr",6,"nDH96","Ne=60","heritability: 0.2"
"218",0.860603529240196,0.0133861554001143,"./rand_1000_2yr_nDH96_varE4_Ne60_Sd_GP.csv","rand_1000_2yr_nDH96_varE4_Ne60_Sd_GP","rand",1000,"2yr",8,"nDH96","Ne=60","heritability: 0.2"
"220",0.829449071252466,0.00959025605818131,"./rand_1000_2yr_nDH96_varE4_Ne60_Sd_GP.csv","rand_1000_2yr_nDH96_varE4_Ne60_Sd_GP","rand",1000,"2yr",10,"nDH96","Ne=60","heritability: 0.2"
"222",0.985019893338197,0.0144410033493697,"./rand_400_1yr_nDH96_varE4_Ne60_Sd_GP.csv","rand_400_1yr_nDH96_varE4_Ne60_Sd_GP","rand",400,"1yr",2,"nDH96","Ne=60","heritability: 0.2"
"223",0.921272461115959,0.010388406182019,"./rand_400_1yr_nDH96_varE4_Ne60_Sd_GP.csv","rand_400_1yr_nDH96_varE4_Ne60_Sd_GP","rand",400,"1yr",3,"nDH96","Ne=60","heritability: 0.2"
"224",0.872972373493528,0.0197798737535761,"./rand_400_1yr_nDH96_varE4_Ne60_Sd_GP.csv","rand_400_1yr_nDH96_varE4_Ne60_Sd_GP","rand",400,"1yr",4,"nDH96","Ne=60","heritability: 0.2"
"225",0.789066143433068,0.0177535376835745,"./rand_400_1yr_nDH96_varE4_Ne60_Sd_GP.csv","rand_400_1yr_nDH96_varE4_Ne60_Sd_GP","rand",400,"1yr",5,"nDH96","Ne=60","heritability: 0.2"
"226",0.723605059860896,0.0153377805531288,"./rand_400_1yr_nDH96_varE4_Ne60_Sd_GP.csv","rand_400_1yr_nDH96_varE4_Ne60_Sd_GP","rand",400,"1yr",6,"nDH96","Ne=60","heritability: 0.2"
"227",0.655523603387642,0.0222028964669308,"./rand_400_1yr_nDH96_varE4_Ne60_Sd_GP.csv","rand_400_1yr_nDH96_varE4_Ne60_Sd_GP","rand",400,"1yr",7,"nDH96","Ne=60","heritability: 0.2"
"228",0.63579505446946,0.0197893250466489,"./rand_400_1yr_nDH96_varE4_Ne60_Sd_GP.csv","rand_400_1yr_nDH96_varE4_Ne60_Sd_GP","rand",400,"1yr",8,"nDH96","Ne=60","heritability: 0.2"
"229",0.607309279073067,0.019550444950556,"./rand_400_1yr_nDH96_varE4_Ne60_Sd_GP.csv","rand_400_1yr_nDH96_varE4_Ne60_Sd_GP","rand",400,"1yr",9,"nDH96","Ne=60","heritability: 0.2"
"230",0.567190307585225,0.0262538229075129,"./rand_400_1yr_nDH96_varE4_Ne60_Sd_GP.csv","rand_400_1yr_nDH96_varE4_Ne60_Sd_GP","rand",400,"1yr",10,"nDH96","Ne=60","heritability: 0.2"
"232",0.965050851286714,0.00992407091295947,"./rand_400_2yr_nDH96_varE4_Ne60_Sd_GP.csv","rand_400_2yr_nDH96_varE4_Ne60_Sd_GP","rand",400,"2yr",2,"nDH96","Ne=60","heritability: 0.2"
"234",0.897770604992898,0.0119118383335303,"./rand_400_2yr_nDH96_varE4_Ne60_Sd_GP.csv","rand_400_2yr_nDH96_varE4_Ne60_Sd_GP","rand",400,"2yr",4,"nDH96","Ne=60","heritability: 0.2"
"236",0.855677951274263,0.0151186254434556,"./rand_400_2yr_nDH96_varE4_Ne60_Sd_GP.csv","rand_400_2yr_nDH96_varE4_Ne60_Sd_GP","rand",400,"2yr",6,"nDH96","Ne=60","heritability: 0.2"
"238",0.786243278545459,0.0152514876800341,"./rand_400_2yr_nDH96_varE4_Ne60_Sd_GP.csv","rand_400_2yr_nDH96_varE4_Ne60_Sd_GP","rand",400,"2yr",8,"nDH96","Ne=60","heritability: 0.2"
"240",0.741978263149461,0.020344155668541,"./rand_400_2yr_nDH96_varE4_Ne60_Sd_GP.csv","rand_400_2yr_nDH96_varE4_Ne60_Sd_GP","rand",400,"2yr",10,"nDH96","Ne=60","heritability: 0.2"
"242",0.972332331002551,0.00808690038849105,"./pheno_1000_1yr_nDH96_varE4_Ne600_Sd_GP.csv","pheno_1000_1yr_nDH96_varE4_Ne600_Sd_GP","pheno",1000,"1yr",2,"nDH96","Ne=600","heritability: 0.2"
"243",0.935667860292979,0.00998276129308942,"./pheno_1000_1yr_nDH96_varE4_Ne600_Sd_GP.csv","pheno_1000_1yr_nDH96_varE4_Ne600_Sd_GP","pheno",1000,"1yr",3,"nDH96","Ne=600","heritability: 0.2"
"244",0.87713964040383,0.012078415178054,"./pheno_1000_1yr_nDH96_varE4_Ne600_Sd_GP.csv","pheno_1000_1yr_nDH96_varE4_Ne600_Sd_GP","pheno",1000,"1yr",4,"nDH96","Ne=600","heritability: 0.2"
"245",0.830656731087689,0.0103127300973957,"./pheno_1000_1yr_nDH96_varE4_Ne600_Sd_GP.csv","pheno_1000_1yr_nDH96_varE4_Ne600_Sd_GP","pheno",1000,"1yr",5,"nDH96","Ne=600","heritability: 0.2"
"246",0.782035828679257,0.0124768190492756,"./pheno_1000_1yr_nDH96_varE4_Ne600_Sd_GP.csv","pheno_1000_1yr_nDH96_varE4_Ne600_Sd_GP","pheno",1000,"1yr",6,"nDH96","Ne=600","heritability: 0.2"
"247",0.723068076513831,0.014799633218077,"./pheno_1000_1yr_nDH96_varE4_Ne600_Sd_GP.csv","pheno_1000_1yr_nDH96_varE4_Ne600_Sd_GP","pheno",1000,"1yr",7,"nDH96","Ne=600","heritability: 0.2"
"248",0.703225580258376,0.0162624963877183,"./pheno_1000_1yr_nDH96_varE4_Ne600_Sd_GP.csv","pheno_1000_1yr_nDH96_varE4_Ne600_Sd_GP","pheno",1000,"1yr",8,"nDH96","Ne=600","heritability: 0.2"
"249",0.676751825940404,0.0131959204536344,"./pheno_1000_1yr_nDH96_varE4_Ne600_Sd_GP.csv","pheno_1000_1yr_nDH96_varE4_Ne600_Sd_GP","pheno",1000,"1yr",9,"nDH96","Ne=600","heritability: 0.2"
"250",0.639923685080721,0.0133347557665028,"./pheno_1000_1yr_nDH96_varE4_Ne600_Sd_GP.csv","pheno_1000_1yr_nDH96_varE4_Ne600_Sd_GP","pheno",1000,"1yr",10,"nDH96","Ne=600","heritability: 0.2"
"252",0.972633716274013,0.00958065204329069,"./pheno_1000_2yr_nDH96_varE4_Ne600_Sd_GP.csv","pheno_1000_2yr_nDH96_varE4_Ne600_Sd_GP","pheno",1000,"2yr",2,"nDH96","Ne=600","heritability: 0.2"
"254",0.955174310893401,0.00968836618518635,"./pheno_1000_2yr_nDH96_varE4_Ne600_Sd_GP.csv","pheno_1000_2yr_nDH96_varE4_Ne600_Sd_GP","pheno",1000,"2yr",4,"nDH96","Ne=600","heritability: 0.2"
"256",0.883371350982945,0.0115139387458672,"./pheno_1000_2yr_nDH96_varE4_Ne600_Sd_GP.csv","pheno_1000_2yr_nDH96_varE4_Ne600_Sd_GP","pheno",1000,"2yr",6,"nDH96","Ne=600","heritability: 0.2"
"258",0.827732549652267,0.0204992053192794,"./pheno_1000_2yr_nDH96_varE4_Ne600_Sd_GP.csv","pheno_1000_2yr_nDH96_varE4_Ne600_Sd_GP","pheno",1000,"2yr",8,"nDH96","Ne=600","heritability: 0.2"
"260",0.777141545704416,0.020686323130391,"./pheno_1000_2yr_nDH96_varE4_Ne600_Sd_GP.csv","pheno_1000_2yr_nDH96_varE4_Ne600_Sd_GP","pheno",1000,"2yr",10,"nDH96","Ne=600","heritability: 0.2"
"262",0.978083794799443,0.00928702622953995,"./pheno_400_1yr_nDH96_varE4_Ne600_Sd_GP.csv","pheno_400_1yr_nDH96_varE4_Ne600_Sd_GP","pheno",400,"1yr",2,"nDH96","Ne=600","heritability: 0.2"
"263",0.902702055503468,0.010745887573604,"./pheno_400_1yr_nDH96_varE4_Ne600_Sd_GP.csv","pheno_400_1yr_nDH96_varE4_Ne600_Sd_GP","pheno",400,"1yr",3,"nDH96","Ne=600","heritability: 0.2"
"264",0.80668550840057,0.0222403170551394,"./pheno_400_1yr_nDH96_varE4_Ne600_Sd_GP.csv","pheno_400_1yr_nDH96_varE4_Ne600_Sd_GP","pheno",400,"1yr",4,"nDH96","Ne=600","heritability: 0.2"
"265",0.683417760118955,0.0249602486776353,"./pheno_400_1yr_nDH96_varE4_Ne600_Sd_GP.csv","pheno_400_1yr_nDH96_varE4_Ne600_Sd_GP","pheno",400,"1yr",5,"nDH96","Ne=600","heritability: 0.2"
"266",0.642290544987198,0.0279972241130435,"./pheno_400_1yr_nDH96_varE4_Ne600_Sd_GP.csv","pheno_400_1yr_nDH96_varE4_Ne600_Sd_GP","pheno",400,"1yr",6,"nDH96","Ne=600","heritability: 0.2"
"267",0.606219002910947,0.0244101155168249,"./pheno_400_1yr_nDH96_varE4_Ne600_Sd_GP.csv","pheno_400_1yr_nDH96_varE4_Ne600_Sd_GP","pheno",400,"1yr",7,"nDH96","Ne=600","heritability: 0.2"
"268",0.560018472349869,0.0235231591841934,"./pheno_400_1yr_nDH96_varE4_Ne600_Sd_GP.csv","pheno_400_1yr_nDH96_varE4_Ne600_Sd_GP","pheno",400,"1yr",8,"nDH96","Ne=600","heritability: 0.2"
"269",0.531967846680443,0.0209264069512926,"./pheno_400_1yr_nDH96_varE4_Ne600_Sd_GP.csv","pheno_400_1yr_nDH96_varE4_Ne600_Sd_GP","pheno",400,"1yr",9,"nDH96","Ne=600","heritability: 0.2"
"270",0.512792482309348,0.021921290690298,"./pheno_400_1yr_nDH96_varE4_Ne600_Sd_GP.csv","pheno_400_1yr_nDH96_varE4_Ne600_Sd_GP","pheno",400,"1yr",10,"nDH96","Ne=600","heritability: 0.2"
"272",0.9628636470686,0.0123414940822682,"./pheno_400_2yr_nDH96_varE4_Ne600_Sd_GP.csv","pheno_400_2yr_nDH96_varE4_Ne600_Sd_GP","pheno",400,"2yr",2,"nDH96","Ne=600","heritability: 0.2"
"274",0.886989578301064,0.0129194772182377,"./pheno_400_2yr_nDH96_varE4_Ne600_Sd_GP.csv","pheno_400_2yr_nDH96_varE4_Ne600_Sd_GP","pheno",400,"2yr",4,"nDH96","Ne=600","heritability: 0.2"
"276",0.800712060697452,0.017900132623588,"./pheno_400_2yr_nDH96_varE4_Ne600_Sd_GP.csv","pheno_400_2yr_nDH96_varE4_Ne600_Sd_GP","pheno",400,"2yr",6,"nDH96","Ne=600","heritability: 0.2"
"278",0.739563197147783,0.0165470457122226,"./pheno_400_2yr_nDH96_varE4_Ne600_Sd_GP.csv","pheno_400_2yr_nDH96_varE4_Ne600_Sd_GP","pheno",400,"2yr",8,"nDH96","Ne=600","heritability: 0.2"
"280",0.647358729603116,0.026461652824999,"./pheno_400_2yr_nDH96_varE4_Ne600_Sd_GP.csv","pheno_400_2yr_nDH96_varE4_Ne600_Sd_GP","pheno",400,"2yr",10,"nDH96","Ne=600","heritability: 0.2"
"282",0.985177148300804,0.00802244349291983,"./rand_1000_1yr_nDH96_varE4_Ne600_Sd_GP.csv","rand_1000_1yr_nDH96_varE4_Ne600_Sd_GP","rand",1000,"1yr",2,"nDH96","Ne=600","heritability: 0.2"
"283",0.956665743485288,0.0105437136373823,"./rand_1000_1yr_nDH96_varE4_Ne600_Sd_GP.csv","rand_1000_1yr_nDH96_varE4_Ne600_Sd_GP","rand",1000,"1yr",3,"nDH96","Ne=600","heritability: 0.2"
"284",0.902814880834496,0.0105501287851986,"./rand_1000_1yr_nDH96_varE4_Ne600_Sd_GP.csv","rand_1000_1yr_nDH96_varE4_Ne600_Sd_GP","rand",1000,"1yr",4,"nDH96","Ne=600","heritability: 0.2"
"285",0.852004964583298,0.0185228553908458,"./rand_1000_1yr_nDH96_varE4_Ne600_Sd_GP.csv","rand_1000_1yr_nDH96_varE4_Ne600_Sd_GP","rand",1000,"1yr",5,"nDH96","Ne=600","heritability: 0.2"
"286",0.807566977244915,0.0219213139189584,"./rand_1000_1yr_nDH96_varE4_Ne600_Sd_GP.csv","rand_1000_1yr_nDH96_varE4_Ne600_Sd_GP","rand",1000,"1yr",6,"nDH96","Ne=600","heritability: 0.2"
"287",0.773315051886941,0.0216645100674025,"./rand_1000_1yr_nDH96_varE4_Ne600_Sd_GP.csv","rand_1000_1yr_nDH96_varE4_Ne600_Sd_GP","rand",1000,"1yr",7,"nDH96","Ne=600","heritability: 0.2"
"288",0.727924245940886,0.0231988741607936,"./rand_1000_1yr_nDH96_varE4_Ne600_Sd_GP.csv","rand_1000_1yr_nDH96_varE4_Ne600_Sd_GP","rand",1000,"1yr",8,"nDH96","Ne=600","heritability: 0.2"
"289",0.697627624673607,0.0270846558433505,"./rand_1000_1yr_nDH96_varE4_Ne600_Sd_GP.csv","rand_1000_1yr_nDH96_varE4_Ne600_Sd_GP","rand",1000,"1yr",9,"nDH96","Ne=600","heritability: 0.2"
"290",0.682285811662084,0.0254594896553294,"./rand_1000_1yr_nDH96_varE4_Ne600_Sd_GP.csv","rand_1000_1yr_nDH96_varE4_Ne600_Sd_GP","rand",1000,"1yr",10,"nDH96","Ne=600","heritability: 0.2"
"292",0.989427213122314,0.00815734624417906,"./rand_1000_2yr_nDH96_varE4_Ne600_Sd_GP.csv","rand_1000_2yr_nDH96_varE4_Ne600_Sd_GP","rand",1000,"2yr",2,"nDH96","Ne=600","heritability: 0.2"
"294",0.959872302948959,0.012816372654709,"./rand_1000_2yr_nDH96_varE4_Ne600_Sd_GP.csv","rand_1000_2yr_nDH96_varE4_Ne600_Sd_GP","rand",1000,"2yr",4,"nDH96","Ne=600","heritability: 0.2"
"296",0.913323038239728,0.0123237309727487,"./rand_1000_2yr_nDH96_varE4_Ne600_Sd_GP.csv","rand_1000_2yr_nDH96_varE4_Ne600_Sd_GP","rand",1000,"2yr",6,"nDH96","Ne=600","heritability: 0.2"
"298",0.877275512397954,0.0125185286874126,"./rand_1000_2yr_nDH96_varE4_Ne600_Sd_GP.csv","rand_1000_2yr_nDH96_varE4_Ne600_Sd_GP","rand",1000,"2yr",8,"nDH96","Ne=600","heritability: 0.2"
"300",0.843672880377476,0.0138191367957315,"./rand_1000_2yr_nDH96_varE4_Ne600_Sd_GP.csv","rand_1000_2yr_nDH96_varE4_Ne600_Sd_GP","rand",1000,"2yr",10,"nDH96","Ne=600","heritability: 0.2"
"302",1.00144749022026,0.0096641315330637,"./rand_400_1yr_nDH96_varE4_Ne600_Sd_GP.csv","rand_400_1yr_nDH96_varE4_Ne600_Sd_GP","rand",400,"1yr",2,"nDH96","Ne=600","heritability: 0.2"
"303",0.961766805992579,0.0208078302081012,"./rand_400_1yr_nDH96_varE4_Ne600_Sd_GP.csv","rand_400_1yr_nDH96_varE4_Ne600_Sd_GP","rand",400,"1yr",3,"nDH96","Ne=600","heritability: 0.2"
"304",0.845784233776652,0.02040771839766,"./rand_400_1yr_nDH96_varE4_Ne600_Sd_GP.csv","rand_400_1yr_nDH96_varE4_Ne600_Sd_GP","rand",400,"1yr",4,"nDH96","Ne=600","heritability: 0.2"
"305",0.707253569131979,0.0248321282448888,"./rand_400_1yr_nDH96_varE4_Ne600_Sd_GP.csv","rand_400_1yr_nDH96_varE4_Ne600_Sd_GP","rand",400,"1yr",5,"nDH96","Ne=600","heritability: 0.2"
"306",0.665920220024053,0.0272016413222074,"./rand_400_1yr_nDH96_varE4_Ne600_Sd_GP.csv","rand_400_1yr_nDH96_varE4_Ne600_Sd_GP","rand",400,"1yr",6,"nDH96","Ne=600","heritability: 0.2"
"307",0.626230169068894,0.0247137492393136,"./rand_400_1yr_nDH96_varE4_Ne600_Sd_GP.csv","rand_400_1yr_nDH96_varE4_Ne600_Sd_GP","rand",400,"1yr",7,"nDH96","Ne=600","heritability: 0.2"
"308",0.590721374067682,0.0281014805602299,"./rand_400_1yr_nDH96_varE4_Ne600_Sd_GP.csv","rand_400_1yr_nDH96_varE4_Ne600_Sd_GP","rand",400,"1yr",8,"nDH96","Ne=600","heritability: 0.2"
"309",0.556562053194186,0.0209814180227563,"./rand_400_1yr_nDH96_varE4_Ne600_Sd_GP.csv","rand_400_1yr_nDH96_varE4_Ne600_Sd_GP","rand",400,"1yr",9,"nDH96","Ne=600","heritability: 0.2"
"310",0.521300049119978,0.0227214377290456,"./rand_400_1yr_nDH96_varE4_Ne600_Sd_GP.csv","rand_400_1yr_nDH96_varE4_Ne600_Sd_GP","rand",400,"1yr",10,"nDH96","Ne=600","heritability: 0.2"
"312",1.01912695460625,0.0172863001521629,"./rand_400_2yr_nDH96_varE4_Ne600_Sd_GP.csv","rand_400_2yr_nDH96_varE4_Ne600_Sd_GP","rand",400,"2yr",2,"nDH96","Ne=600","heritability: 0.2"
"314",0.952781756526235,0.0199483658025251,"./rand_400_2yr_nDH96_varE4_Ne600_Sd_GP.csv","rand_400_2yr_nDH96_varE4_Ne600_Sd_GP","rand",400,"2yr",4,"nDH96","Ne=600","heritability: 0.2"
"316",0.857638059291156,0.0199180450287338,"./rand_400_2yr_nDH96_varE4_Ne600_Sd_GP.csv","rand_400_2yr_nDH96_varE4_Ne600_Sd_GP","rand",400,"2yr",6,"nDH96","Ne=600","heritability: 0.2"
"318",0.78699853137825,0.0233798618149647,"./rand_400_2yr_nDH96_varE4_Ne600_Sd_GP.csv","rand_400_2yr_nDH96_varE4_Ne600_Sd_GP","rand",400,"2yr",8,"nDH96","Ne=600","heritability: 0.2"
"320",0.710079324153358,0.0229260633209314,"./rand_400_2yr_nDH96_varE4_Ne600_Sd_GP.csv","rand_400_2yr_nDH96_varE4_Ne600_Sd_GP","rand",400,"2yr",10,"nDH96","Ne=600","heritability: 0.2"
