"","Mean","SD","Selection","Shorten","SelectSP","TestSP","Year","Cycles","nDH","Ne","varE"
"1",-0.000200013774806751,0.0220458320133863,"./pheno_1000_1yr_nDH25_varE1.22_Ne60_Mean_g.csv","pheno_1000_1yr_nDH25_varE1.22_Ne60_Mean_g","pheno",1000,"1yr",1,"nDH25","Ne60","varE1.22"
"2",-0.00114574824959118,0.022644559587232,"./pheno_1000_1yr_nDH25_varE1.22_Ne60_Mean_g.csv","pheno_1000_1yr_nDH25_varE1.22_Ne60_Mean_g","pheno",1000,"1yr",2,"nDH25","Ne60","varE1.22"
"3",1.19259971548491,0.0954829657378504,"./pheno_1000_1yr_nDH25_varE1.22_Ne60_Mean_g.csv","pheno_1000_1yr_nDH25_varE1.22_Ne60_Mean_g","pheno",1000,"1yr",3,"nDH25","Ne60","varE1.22"
"4",2.21501849503395,0.163467918670318,"./pheno_1000_1yr_nDH25_varE1.22_Ne60_Mean_g.csv","pheno_1000_1yr_nDH25_varE1.22_Ne60_Mean_g","pheno",1000,"1yr",4,"nDH25","Ne60","varE1.22"
"5",3.19560895065928,0.227398553920114,"./pheno_1000_1yr_nDH25_varE1.22_Ne60_Mean_g.csv","pheno_1000_1yr_nDH25_varE1.22_Ne60_Mean_g","pheno",1000,"1yr",5,"nDH25","Ne60","varE1.22"
"6",4.1291303104508,0.278579459794355,"./pheno_1000_1yr_nDH25_varE1.22_Ne60_Mean_g.csv","pheno_1000_1yr_nDH25_varE1.22_Ne60_Mean_g","pheno",1000,"1yr",6,"nDH25","Ne60","varE1.22"
"7",5.03544948228752,0.317452951943751,"./pheno_1000_1yr_nDH25_varE1.22_Ne60_Mean_g.csv","pheno_1000_1yr_nDH25_varE1.22_Ne60_Mean_g","pheno",1000,"1yr",7,"nDH25","Ne60","varE1.22"
"8",0.009663359751698,0.0372684101544072,"./pheno_1000_2yr_nDH25_varE1.22_Ne60_Mean_g.csv","pheno_1000_2yr_nDH25_varE1.22_Ne60_Mean_g","pheno",1000,"2yr",1,"nDH25","Ne60","varE1.22"
"9",-0.00106632096761435,0.00905696152425702,"./pheno_1000_2yr_nDH25_varE1.22_Ne60_Mean_g.csv","pheno_1000_2yr_nDH25_varE1.22_Ne60_Mean_g","pheno",1000,"2yr",2,"nDH25","Ne60","varE1.22"
"10",1.2207620293153,0.129108296464711,"./pheno_1000_2yr_nDH25_varE1.22_Ne60_Mean_g.csv","pheno_1000_2yr_nDH25_varE1.22_Ne60_Mean_g","pheno",1000,"2yr",3,"nDH25","Ne60","varE1.22"
"11",1.33531629238704,0.0877519289717222,"./pheno_1000_2yr_nDH25_varE1.22_Ne60_Mean_g.csv","pheno_1000_2yr_nDH25_varE1.22_Ne60_Mean_g","pheno",1000,"2yr",4,"nDH25","Ne60","varE1.22"
"12",2.20638448265112,0.212967531508019,"./pheno_1000_2yr_nDH25_varE1.22_Ne60_Mean_g.csv","pheno_1000_2yr_nDH25_varE1.22_Ne60_Mean_g","pheno",1000,"2yr",5,"nDH25","Ne60","varE1.22"
"13",2.50468289710721,0.12203539263743,"./pheno_1000_2yr_nDH25_varE1.22_Ne60_Mean_g.csv","pheno_1000_2yr_nDH25_varE1.22_Ne60_Mean_g","pheno",1000,"2yr",6,"nDH25","Ne60","varE1.22"
"14",3.12586560121867,0.137294799432694,"./pheno_1000_2yr_nDH25_varE1.22_Ne60_Mean_g.csv","pheno_1000_2yr_nDH25_varE1.22_Ne60_Mean_g","pheno",1000,"2yr",7,"nDH25","Ne60","varE1.22"
"15",0.00794995296159519,0.0452245616148861,"./pheno_400_1yr_nDH25_varE1.22_Ne60_Mean_g.csv","pheno_400_1yr_nDH25_varE1.22_Ne60_Mean_g","pheno",400,"1yr",1,"nDH25","Ne60","varE1.22"
"16",-0.00171936321621542,0.0437614460777407,"./pheno_400_1yr_nDH25_varE1.22_Ne60_Mean_g.csv","pheno_400_1yr_nDH25_varE1.22_Ne60_Mean_g","pheno",400,"1yr",2,"nDH25","Ne60","varE1.22"
"17",1.08124366068461,0.165666297203896,"./pheno_400_1yr_nDH25_varE1.22_Ne60_Mean_g.csv","pheno_400_1yr_nDH25_varE1.22_Ne60_Mean_g","pheno",400,"1yr",3,"nDH25","Ne60","varE1.22"
"18",2.04086247087317,0.270446309334549,"./pheno_400_1yr_nDH25_varE1.22_Ne60_Mean_g.csv","pheno_400_1yr_nDH25_varE1.22_Ne60_Mean_g","pheno",400,"1yr",4,"nDH25","Ne60","varE1.22"
"19",2.96186754832935,0.329444541550092,"./pheno_400_1yr_nDH25_varE1.22_Ne60_Mean_g.csv","pheno_400_1yr_nDH25_varE1.22_Ne60_Mean_g","pheno",400,"1yr",5,"nDH25","Ne60","varE1.22"
"20",3.79588811481212,0.366197077193388,"./pheno_400_1yr_nDH25_varE1.22_Ne60_Mean_g.csv","pheno_400_1yr_nDH25_varE1.22_Ne60_Mean_g","pheno",400,"1yr",6,"nDH25","Ne60","varE1.22"
"21",4.58378551786892,0.389158250099892,"./pheno_400_1yr_nDH25_varE1.22_Ne60_Mean_g.csv","pheno_400_1yr_nDH25_varE1.22_Ne60_Mean_g","pheno",400,"1yr",7,"nDH25","Ne60","varE1.22"
"22",0.0315761748517438,0.00144786408503407,"./pheno_400_2yr_nDH25_varE1.22_Ne60_Mean_g.csv","pheno_400_2yr_nDH25_varE1.22_Ne60_Mean_g","pheno",400,"2yr",1,"nDH25","Ne60","varE1.22"
"23",-0.0290307946354872,0.0299594894166723,"./pheno_400_2yr_nDH25_varE1.22_Ne60_Mean_g.csv","pheno_400_2yr_nDH25_varE1.22_Ne60_Mean_g","pheno",400,"2yr",2,"nDH25","Ne60","varE1.22"
"24",1.0334928911874,0.134176018149191,"./pheno_400_2yr_nDH25_varE1.22_Ne60_Mean_g.csv","pheno_400_2yr_nDH25_varE1.22_Ne60_Mean_g","pheno",400,"2yr",3,"nDH25","Ne60","varE1.22"
"25",1.06304830409541,0.00363663195408049,"./pheno_400_2yr_nDH25_varE1.22_Ne60_Mean_g.csv","pheno_400_2yr_nDH25_varE1.22_Ne60_Mean_g","pheno",400,"2yr",4,"nDH25","Ne60","varE1.22"
"26",2.13317279504557,0.143477438572442,"./pheno_400_2yr_nDH25_varE1.22_Ne60_Mean_g.csv","pheno_400_2yr_nDH25_varE1.22_Ne60_Mean_g","pheno",400,"2yr",5,"nDH25","Ne60","varE1.22"
"27",2.49296233237258,0.418397462961763,"./pheno_400_2yr_nDH25_varE1.22_Ne60_Mean_g.csv","pheno_400_2yr_nDH25_varE1.22_Ne60_Mean_g","pheno",400,"2yr",6,"nDH25","Ne60","varE1.22"
"28",3.17011258879777,0.00731900728821405,"./pheno_400_2yr_nDH25_varE1.22_Ne60_Mean_g.csv","pheno_400_2yr_nDH25_varE1.22_Ne60_Mean_g","pheno",400,"2yr",7,"nDH25","Ne60","varE1.22"
"29",4.33540698574761e-05,0.0210939399028837,"./rand_1000_1yr_nDH25_varE1.22_Ne60_Mean_g.csv","rand_1000_1yr_nDH25_varE1.22_Ne60_Mean_g","rand",1000,"1yr",1,"nDH25","Ne60","varE1.22"
"30",-0.00107340334643754,0.0220873938304622,"./rand_1000_1yr_nDH25_varE1.22_Ne60_Mean_g.csv","rand_1000_1yr_nDH25_varE1.22_Ne60_Mean_g","rand",1000,"1yr",2,"nDH25","Ne60","varE1.22"
"31",0.612664769187832,0.0923512167977179,"./rand_1000_1yr_nDH25_varE1.22_Ne60_Mean_g.csv","rand_1000_1yr_nDH25_varE1.22_Ne60_Mean_g","rand",1000,"1yr",3,"nDH25","Ne60","varE1.22"
"32",1.18938536012285,0.139100251708307,"./rand_1000_1yr_nDH25_varE1.22_Ne60_Mean_g.csv","rand_1000_1yr_nDH25_varE1.22_Ne60_Mean_g","rand",1000,"1yr",4,"nDH25","Ne60","varE1.22"
"33",1.75164264528264,0.181065873164516,"./rand_1000_1yr_nDH25_varE1.22_Ne60_Mean_g.csv","rand_1000_1yr_nDH25_varE1.22_Ne60_Mean_g","rand",1000,"1yr",5,"nDH25","Ne60","varE1.22"
"34",2.30269244140368,0.196120487079251,"./rand_1000_1yr_nDH25_varE1.22_Ne60_Mean_g.csv","rand_1000_1yr_nDH25_varE1.22_Ne60_Mean_g","rand",1000,"1yr",6,"nDH25","Ne60","varE1.22"
"35",2.87229489563832,0.208740554159101,"./rand_1000_1yr_nDH25_varE1.22_Ne60_Mean_g.csv","rand_1000_1yr_nDH25_varE1.22_Ne60_Mean_g","rand",1000,"1yr",7,"nDH25","Ne60","varE1.22"
"36",0.019466557586586,0.00400890421015514,"./rand_1000_2yr_nDH25_varE1.22_Ne60_Mean_g.csv","rand_1000_2yr_nDH25_varE1.22_Ne60_Mean_g","rand",1000,"2yr",1,"nDH25","Ne60","varE1.22"
"37",-0.0140896884081412,0.010785974738387,"./rand_1000_2yr_nDH25_varE1.22_Ne60_Mean_g.csv","rand_1000_2yr_nDH25_varE1.22_Ne60_Mean_g","rand",1000,"2yr",2,"nDH25","Ne60","varE1.22"
"38",0.548449903671077,0.00012435221608956,"./rand_1000_2yr_nDH25_varE1.22_Ne60_Mean_g.csv","rand_1000_2yr_nDH25_varE1.22_Ne60_Mean_g","rand",1000,"2yr",3,"nDH25","Ne60","varE1.22"
"39",0.641670661142465,0.000588009976727009,"./rand_1000_2yr_nDH25_varE1.22_Ne60_Mean_g.csv","rand_1000_2yr_nDH25_varE1.22_Ne60_Mean_g","rand",1000,"2yr",4,"nDH25","Ne60","varE1.22"
"40",1.19802217689234,0.115612966596247,"./rand_1000_2yr_nDH25_varE1.22_Ne60_Mean_g.csv","rand_1000_2yr_nDH25_varE1.22_Ne60_Mean_g","rand",1000,"2yr",5,"nDH25","Ne60","varE1.22"
"41",1.25908937288171,0.0311878721075537,"./rand_1000_2yr_nDH25_varE1.22_Ne60_Mean_g.csv","rand_1000_2yr_nDH25_varE1.22_Ne60_Mean_g","rand",1000,"2yr",6,"nDH25","Ne60","varE1.22"
"42",1.83885927208354,0.187539838198483,"./rand_1000_2yr_nDH25_varE1.22_Ne60_Mean_g.csv","rand_1000_2yr_nDH25_varE1.22_Ne60_Mean_g","rand",1000,"2yr",7,"nDH25","Ne60","varE1.22"
"43",7.54868452083407e-05,0.0470099298090321,"./rand_400_1yr_nDH25_varE1.22_Ne60_Mean_g.csv","rand_400_1yr_nDH25_varE1.22_Ne60_Mean_g","rand",400,"1yr",1,"nDH25","Ne60","varE1.22"
"44",-0.00241807737448829,0.0417953026686639,"./rand_400_1yr_nDH25_varE1.22_Ne60_Mean_g.csv","rand_400_1yr_nDH25_varE1.22_Ne60_Mean_g","rand",400,"1yr",2,"nDH25","Ne60","varE1.22"
"45",0.528092412196112,0.15061655796285,"./rand_400_1yr_nDH25_varE1.22_Ne60_Mean_g.csv","rand_400_1yr_nDH25_varE1.22_Ne60_Mean_g","rand",400,"1yr",3,"nDH25","Ne60","varE1.22"
"46",1.02721889660459,0.189233807201633,"./rand_400_1yr_nDH25_varE1.22_Ne60_Mean_g.csv","rand_400_1yr_nDH25_varE1.22_Ne60_Mean_g","rand",400,"1yr",4,"nDH25","Ne60","varE1.22"
"47",1.54617988623771,0.251403157025793,"./rand_400_1yr_nDH25_varE1.22_Ne60_Mean_g.csv","rand_400_1yr_nDH25_varE1.22_Ne60_Mean_g","rand",400,"1yr",5,"nDH25","Ne60","varE1.22"
"48",2.04398899083319,0.281510807081735,"./rand_400_1yr_nDH25_varE1.22_Ne60_Mean_g.csv","rand_400_1yr_nDH25_varE1.22_Ne60_Mean_g","rand",400,"1yr",6,"nDH25","Ne60","varE1.22"
"49",2.5367065176356,0.308363750689457,"./rand_400_1yr_nDH25_varE1.22_Ne60_Mean_g.csv","rand_400_1yr_nDH25_varE1.22_Ne60_Mean_g","rand",400,"1yr",7,"nDH25","Ne60","varE1.22"
"50",0.00424419263161835,0.0490758906802078,"./rand_400_2yr_nDH25_varE1.22_Ne60_Mean_g.csv","rand_400_2yr_nDH25_varE1.22_Ne60_Mean_g","rand",400,"2yr",1,"nDH25","Ne60","varE1.22"
"51",-0.0267019485830926,0.0886734242621025,"./rand_400_2yr_nDH25_varE1.22_Ne60_Mean_g.csv","rand_400_2yr_nDH25_varE1.22_Ne60_Mean_g","rand",400,"2yr",2,"nDH25","Ne60","varE1.22"
"52",0.557720257416709,0.0886693264648087,"./rand_400_2yr_nDH25_varE1.22_Ne60_Mean_g.csv","rand_400_2yr_nDH25_varE1.22_Ne60_Mean_g","rand",400,"2yr",3,"nDH25","Ne60","varE1.22"
"53",0.479901229522665,0.337440963224537,"./rand_400_2yr_nDH25_varE1.22_Ne60_Mean_g.csv","rand_400_2yr_nDH25_varE1.22_Ne60_Mean_g","rand",400,"2yr",4,"nDH25","Ne60","varE1.22"
"54",1.23003780105211,0.072384108812721,"./rand_400_2yr_nDH25_varE1.22_Ne60_Mean_g.csv","rand_400_2yr_nDH25_varE1.22_Ne60_Mean_g","rand",400,"2yr",5,"nDH25","Ne60","varE1.22"
"55",1.05085048368929,0.032488459883281,"./rand_400_2yr_nDH25_varE1.22_Ne60_Mean_g.csv","rand_400_2yr_nDH25_varE1.22_Ne60_Mean_g","rand",400,"2yr",6,"nDH25","Ne60","varE1.22"
"56",1.76489674956734,0.0546121620634157,"./rand_400_2yr_nDH25_varE1.22_Ne60_Mean_g.csv","rand_400_2yr_nDH25_varE1.22_Ne60_Mean_g","rand",400,"2yr",7,"nDH25","Ne60","varE1.22"
"57",-0.00211890770312163,0.0235122549316655,"./pheno_1000_1yr_nDH25_varE1.22_Ne600_Mean_g.csv","pheno_1000_1yr_nDH25_varE1.22_Ne600_Mean_g","pheno",1000,"1yr",1,"nDH25","Ne600","varE1.22"
"58",0.00123936010039791,0.0237403388364507,"./pheno_1000_1yr_nDH25_varE1.22_Ne600_Mean_g.csv","pheno_1000_1yr_nDH25_varE1.22_Ne600_Mean_g","pheno",1000,"1yr",2,"nDH25","Ne600","varE1.22"
"59",1.01398212166182,0.0889788422996638,"./pheno_1000_1yr_nDH25_varE1.22_Ne600_Mean_g.csv","pheno_1000_1yr_nDH25_varE1.22_Ne600_Mean_g","pheno",1000,"1yr",3,"nDH25","Ne600","varE1.22"
"60",1.90011520312396,0.164719411811593,"./pheno_1000_1yr_nDH25_varE1.22_Ne600_Mean_g.csv","pheno_1000_1yr_nDH25_varE1.22_Ne600_Mean_g","pheno",1000,"1yr",4,"nDH25","Ne600","varE1.22"
"61",2.75810949291201,0.229410780120927,"./pheno_1000_1yr_nDH25_varE1.22_Ne600_Mean_g.csv","pheno_1000_1yr_nDH25_varE1.22_Ne600_Mean_g","pheno",1000,"1yr",5,"nDH25","Ne600","varE1.22"
"62",3.59555267430603,0.278865030384528,"./pheno_1000_1yr_nDH25_varE1.22_Ne600_Mean_g.csv","pheno_1000_1yr_nDH25_varE1.22_Ne600_Mean_g","pheno",1000,"1yr",6,"nDH25","Ne600","varE1.22"
"63",4.43181875181536,0.309642695172034,"./pheno_1000_1yr_nDH25_varE1.22_Ne600_Mean_g.csv","pheno_1000_1yr_nDH25_varE1.22_Ne600_Mean_g","pheno",1000,"1yr",7,"nDH25","Ne600","varE1.22"
"64",0.00314224484862286,0.0118974236957131,"./pheno_1000_2yr_nDH25_varE1.22_Ne600_Mean_g.csv","pheno_1000_2yr_nDH25_varE1.22_Ne600_Mean_g","pheno",1000,"2yr",1,"nDH25","Ne600","varE1.22"
"65",0.022737348428093,0.0121029287527508,"./pheno_1000_2yr_nDH25_varE1.22_Ne600_Mean_g.csv","pheno_1000_2yr_nDH25_varE1.22_Ne600_Mean_g","pheno",1000,"2yr",2,"nDH25","Ne600","varE1.22"
"66",1.05486806224186,0.188329154439765,"./pheno_1000_2yr_nDH25_varE1.22_Ne600_Mean_g.csv","pheno_1000_2yr_nDH25_varE1.22_Ne600_Mean_g","pheno",1000,"2yr",3,"nDH25","Ne600","varE1.22"
"67",1.06079844643703,0.0438745955305445,"./pheno_1000_2yr_nDH25_varE1.22_Ne600_Mean_g.csv","pheno_1000_2yr_nDH25_varE1.22_Ne600_Mean_g","pheno",1000,"2yr",4,"nDH25","Ne600","varE1.22"
"68",1.95570314855369,0.0686399534722046,"./pheno_1000_2yr_nDH25_varE1.22_Ne600_Mean_g.csv","pheno_1000_2yr_nDH25_varE1.22_Ne600_Mean_g","pheno",1000,"2yr",5,"nDH25","Ne600","varE1.22"
"69",1.98893441528493,0.0674677960401132,"./pheno_1000_2yr_nDH25_varE1.22_Ne600_Mean_g.csv","pheno_1000_2yr_nDH25_varE1.22_Ne600_Mean_g","pheno",1000,"2yr",6,"nDH25","Ne600","varE1.22"
"70",2.71944630284191,0.204579964836267,"./pheno_1000_2yr_nDH25_varE1.22_Ne600_Mean_g.csv","pheno_1000_2yr_nDH25_varE1.22_Ne600_Mean_g","pheno",1000,"2yr",7,"nDH25","Ne600","varE1.22"
"71",-0.00520046452323488,0.0511530735758849,"./pheno_400_1yr_nDH25_varE1.22_Ne600_Mean_g.csv","pheno_400_1yr_nDH25_varE1.22_Ne600_Mean_g","pheno",400,"1yr",1,"nDH25","Ne600","varE1.22"
"72",0.0038186666975906,0.0422947344835281,"./pheno_400_1yr_nDH25_varE1.22_Ne600_Mean_g.csv","pheno_400_1yr_nDH25_varE1.22_Ne600_Mean_g","pheno",400,"1yr",2,"nDH25","Ne600","varE1.22"
"73",0.942952002097018,0.146773472748585,"./pheno_400_1yr_nDH25_varE1.22_Ne600_Mean_g.csv","pheno_400_1yr_nDH25_varE1.22_Ne600_Mean_g","pheno",400,"1yr",3,"nDH25","Ne600","varE1.22"
"74",1.83908357770469,0.262257544074487,"./pheno_400_1yr_nDH25_varE1.22_Ne600_Mean_g.csv","pheno_400_1yr_nDH25_varE1.22_Ne600_Mean_g","pheno",400,"1yr",4,"nDH25","Ne600","varE1.22"
"75",2.65875304060607,0.335596033185933,"./pheno_400_1yr_nDH25_varE1.22_Ne600_Mean_g.csv","pheno_400_1yr_nDH25_varE1.22_Ne600_Mean_g","pheno",400,"1yr",5,"nDH25","Ne600","varE1.22"
"76",3.41249375473151,0.39729336703636,"./pheno_400_1yr_nDH25_varE1.22_Ne600_Mean_g.csv","pheno_400_1yr_nDH25_varE1.22_Ne600_Mean_g","pheno",400,"1yr",6,"nDH25","Ne600","varE1.22"
"77",4.13184756734084,0.428286316173276,"./pheno_400_1yr_nDH25_varE1.22_Ne600_Mean_g.csv","pheno_400_1yr_nDH25_varE1.22_Ne600_Mean_g","pheno",400,"1yr",7,"nDH25","Ne600","varE1.22"
"78",-0.0323343029453776,0.00546006173111588,"./pheno_400_2yr_nDH25_varE1.22_Ne600_Mean_g.csv","pheno_400_2yr_nDH25_varE1.22_Ne600_Mean_g","pheno",400,"2yr",1,"nDH25","Ne600","varE1.22"
"79",0.0303432177590066,0.0201095060640748,"./pheno_400_2yr_nDH25_varE1.22_Ne600_Mean_g.csv","pheno_400_2yr_nDH25_varE1.22_Ne600_Mean_g","pheno",400,"2yr",2,"nDH25","Ne600","varE1.22"
"80",0.876568742849805,0.296757011544053,"./pheno_400_2yr_nDH25_varE1.22_Ne600_Mean_g.csv","pheno_400_2yr_nDH25_varE1.22_Ne600_Mean_g","pheno",400,"2yr",3,"nDH25","Ne600","varE1.22"
"81",0.999802052820205,0.0684758592828168,"./pheno_400_2yr_nDH25_varE1.22_Ne600_Mean_g.csv","pheno_400_2yr_nDH25_varE1.22_Ne600_Mean_g","pheno",400,"2yr",4,"nDH25","Ne600","varE1.22"
"82",1.9168698829159,0.340426857645231,"./pheno_400_2yr_nDH25_varE1.22_Ne600_Mean_g.csv","pheno_400_2yr_nDH25_varE1.22_Ne600_Mean_g","pheno",400,"2yr",5,"nDH25","Ne600","varE1.22"
"83",1.77543630647817,0.117939030987356,"./pheno_400_2yr_nDH25_varE1.22_Ne600_Mean_g.csv","pheno_400_2yr_nDH25_varE1.22_Ne600_Mean_g","pheno",400,"2yr",6,"nDH25","Ne600","varE1.22"
"84",2.69193281956088,0.185855757007751,"./pheno_400_2yr_nDH25_varE1.22_Ne600_Mean_g.csv","pheno_400_2yr_nDH25_varE1.22_Ne600_Mean_g","pheno",400,"2yr",7,"nDH25","Ne600","varE1.22"
"85",-0.000250095327055318,0.0218193808219802,"./rand_1000_1yr_nDH25_varE1.22_Ne600_Mean_g.csv","rand_1000_1yr_nDH25_varE1.22_Ne600_Mean_g","rand",1000,"1yr",1,"nDH25","Ne600","varE1.22"
"86",-0.00161687903258256,0.0246575455746801,"./rand_1000_1yr_nDH25_varE1.22_Ne600_Mean_g.csv","rand_1000_1yr_nDH25_varE1.22_Ne600_Mean_g","rand",1000,"1yr",2,"nDH25","Ne600","varE1.22"
"87",0.486725906602281,0.0998366151069444,"./rand_1000_1yr_nDH25_varE1.22_Ne600_Mean_g.csv","rand_1000_1yr_nDH25_varE1.22_Ne600_Mean_g","rand",1000,"1yr",3,"nDH25","Ne600","varE1.22"
"88",0.923393270779973,0.151201311910519,"./rand_1000_1yr_nDH25_varE1.22_Ne600_Mean_g.csv","rand_1000_1yr_nDH25_varE1.22_Ne600_Mean_g","rand",1000,"1yr",4,"nDH25","Ne600","varE1.22"
"89",1.35285233132876,0.156179851662134,"./rand_1000_1yr_nDH25_varE1.22_Ne600_Mean_g.csv","rand_1000_1yr_nDH25_varE1.22_Ne600_Mean_g","rand",1000,"1yr",5,"nDH25","Ne600","varE1.22"
"90",1.7875742590144,0.173851129822631,"./rand_1000_1yr_nDH25_varE1.22_Ne600_Mean_g.csv","rand_1000_1yr_nDH25_varE1.22_Ne600_Mean_g","rand",1000,"1yr",6,"nDH25","Ne600","varE1.22"
"91",2.22935590557678,0.208080641867072,"./rand_1000_1yr_nDH25_varE1.22_Ne600_Mean_g.csv","rand_1000_1yr_nDH25_varE1.22_Ne600_Mean_g","rand",1000,"1yr",7,"nDH25","Ne600","varE1.22"
"92",-0.00712505959733927,0.015574720626924,"./rand_1000_2yr_nDH25_varE1.22_Ne600_Mean_g.csv","rand_1000_2yr_nDH25_varE1.22_Ne600_Mean_g","rand",1000,"2yr",1,"nDH25","Ne600","varE1.22"
"93",0.00639812322252656,0.0104292498820674,"./rand_1000_2yr_nDH25_varE1.22_Ne600_Mean_g.csv","rand_1000_2yr_nDH25_varE1.22_Ne600_Mean_g","rand",1000,"2yr",2,"nDH25","Ne600","varE1.22"
"94",0.502084409152328,0.188706327360458,"./rand_1000_2yr_nDH25_varE1.22_Ne600_Mean_g.csv","rand_1000_2yr_nDH25_varE1.22_Ne600_Mean_g","rand",1000,"2yr",3,"nDH25","Ne600","varE1.22"
"95",0.443260733942173,0.248145527938243,"./rand_1000_2yr_nDH25_varE1.22_Ne600_Mean_g.csv","rand_1000_2yr_nDH25_varE1.22_Ne600_Mean_g","rand",1000,"2yr",4,"nDH25","Ne600","varE1.22"
"96",0.915904369179976,0.0712675649525913,"./rand_1000_2yr_nDH25_varE1.22_Ne600_Mean_g.csv","rand_1000_2yr_nDH25_varE1.22_Ne600_Mean_g","rand",1000,"2yr",5,"nDH25","Ne600","varE1.22"
"97",0.927170282269159,0.262025462711594,"./rand_1000_2yr_nDH25_varE1.22_Ne600_Mean_g.csv","rand_1000_2yr_nDH25_varE1.22_Ne600_Mean_g","rand",1000,"2yr",6,"nDH25","Ne600","varE1.22"
"98",1.3436084978856,0.119557367456036,"./rand_1000_2yr_nDH25_varE1.22_Ne600_Mean_g.csv","rand_1000_2yr_nDH25_varE1.22_Ne600_Mean_g","rand",1000,"2yr",7,"nDH25","Ne600","varE1.22"
"99",-0.000254612572867625,0.0438058348424565,"./rand_400_1yr_nDH25_varE1.22_Ne600_Mean_g.csv","rand_400_1yr_nDH25_varE1.22_Ne600_Mean_g","rand",400,"1yr",1,"nDH25","Ne600","varE1.22"
"100",-0.00743649161814754,0.0474390936041861,"./rand_400_1yr_nDH25_varE1.22_Ne600_Mean_g.csv","rand_400_1yr_nDH25_varE1.22_Ne600_Mean_g","rand",400,"1yr",2,"nDH25","Ne600","varE1.22"
"101",0.407795512850231,0.16406176179067,"./rand_400_1yr_nDH25_varE1.22_Ne600_Mean_g.csv","rand_400_1yr_nDH25_varE1.22_Ne600_Mean_g","rand",400,"1yr",3,"nDH25","Ne600","varE1.22"
"102",0.829683642386008,0.237594079135111,"./rand_400_1yr_nDH25_varE1.22_Ne600_Mean_g.csv","rand_400_1yr_nDH25_varE1.22_Ne600_Mean_g","rand",400,"1yr",4,"nDH25","Ne600","varE1.22"
"103",1.23173329831219,0.303407301951415,"./rand_400_1yr_nDH25_varE1.22_Ne600_Mean_g.csv","rand_400_1yr_nDH25_varE1.22_Ne600_Mean_g","rand",400,"1yr",5,"nDH25","Ne600","varE1.22"
"104",1.65259308654067,0.381490838820714,"./rand_400_1yr_nDH25_varE1.22_Ne600_Mean_g.csv","rand_400_1yr_nDH25_varE1.22_Ne600_Mean_g","rand",400,"1yr",6,"nDH25","Ne600","varE1.22"
"105",2.06142666228217,0.385290194580988,"./rand_400_1yr_nDH25_varE1.22_Ne600_Mean_g.csv","rand_400_1yr_nDH25_varE1.22_Ne600_Mean_g","rand",400,"1yr",7,"nDH25","Ne600","varE1.22"
"106",-0.0089892688436998,0.0270487688809255,"./rand_400_2yr_nDH25_varE1.22_Ne600_Mean_g.csv","rand_400_2yr_nDH25_varE1.22_Ne600_Mean_g","rand",400,"2yr",1,"nDH25","Ne600","varE1.22"
"107",-0.0113987568270679,0.021858277179547,"./rand_400_2yr_nDH25_varE1.22_Ne600_Mean_g.csv","rand_400_2yr_nDH25_varE1.22_Ne600_Mean_g","rand",400,"2yr",2,"nDH25","Ne600","varE1.22"
"108",0.59317818486801,0.184961963189318,"./rand_400_2yr_nDH25_varE1.22_Ne600_Mean_g.csv","rand_400_2yr_nDH25_varE1.22_Ne600_Mean_g","rand",400,"2yr",3,"nDH25","Ne600","varE1.22"
"109",0.397741738559681,0.179110666789315,"./rand_400_2yr_nDH25_varE1.22_Ne600_Mean_g.csv","rand_400_2yr_nDH25_varE1.22_Ne600_Mean_g","rand",400,"2yr",4,"nDH25","Ne600","varE1.22"
"110",1.07524971673384,0.269786691620904,"./rand_400_2yr_nDH25_varE1.22_Ne600_Mean_g.csv","rand_400_2yr_nDH25_varE1.22_Ne600_Mean_g","rand",400,"2yr",5,"nDH25","Ne600","varE1.22"
"111",0.943530526928891,0.293426918878199,"./rand_400_2yr_nDH25_varE1.22_Ne600_Mean_g.csv","rand_400_2yr_nDH25_varE1.22_Ne600_Mean_g","rand",400,"2yr",6,"nDH25","Ne600","varE1.22"
"112",1.57552914457326,0.460075362290577,"./rand_400_2yr_nDH25_varE1.22_Ne600_Mean_g.csv","rand_400_2yr_nDH25_varE1.22_Ne600_Mean_g","rand",400,"2yr",7,"nDH25","Ne600","varE1.22"
"113",0.00028344758788938,0.003391689052447,"./pheno_1000_1yr_nDH25_varE2_Ne60_Mean_g.csv","pheno_1000_1yr_nDH25_varE2_Ne60_Mean_g","pheno",1000,"1yr",1,"nDH25","Ne60","varE2"
"114",0.00191560744301476,0.00188592256765417,"./pheno_1000_1yr_nDH25_varE2_Ne60_Mean_g.csv","pheno_1000_1yr_nDH25_varE2_Ne60_Mean_g","pheno",1000,"1yr",2,"nDH25","Ne60","varE2"
"115",1.11807982106412,0.058313883088008,"./pheno_1000_1yr_nDH25_varE2_Ne60_Mean_g.csv","pheno_1000_1yr_nDH25_varE2_Ne60_Mean_g","pheno",1000,"1yr",3,"nDH25","Ne60","varE2"
"116",2.01802325944888,0.141281194807103,"./pheno_1000_1yr_nDH25_varE2_Ne60_Mean_g.csv","pheno_1000_1yr_nDH25_varE2_Ne60_Mean_g","pheno",1000,"1yr",4,"nDH25","Ne60","varE2"
"117",2.78827753281417,0.226192542974014,"./pheno_1000_1yr_nDH25_varE2_Ne60_Mean_g.csv","pheno_1000_1yr_nDH25_varE2_Ne60_Mean_g","pheno",1000,"1yr",5,"nDH25","Ne60","varE2"
"118",3.52240252509102,0.314823607874891,"./pheno_1000_1yr_nDH25_varE2_Ne60_Mean_g.csv","pheno_1000_1yr_nDH25_varE2_Ne60_Mean_g","pheno",1000,"1yr",6,"nDH25","Ne60","varE2"
"119",4.39305183100097,0.485930849604999,"./pheno_1000_1yr_nDH25_varE2_Ne60_Mean_g.csv","pheno_1000_1yr_nDH25_varE2_Ne60_Mean_g","pheno",1000,"1yr",7,"nDH25","Ne60","varE2"
"120",-0.00388246610673269,0.0106277567021784,"./pheno_1000_2yr_nDH25_varE2_Ne60_Mean_g.csv","pheno_1000_2yr_nDH25_varE2_Ne60_Mean_g","pheno",1000,"2yr",1,"nDH25","Ne60","varE2"
"121",0.0031683037945787,0.0201179077856297,"./pheno_1000_2yr_nDH25_varE2_Ne60_Mean_g.csv","pheno_1000_2yr_nDH25_varE2_Ne60_Mean_g","pheno",1000,"2yr",2,"nDH25","Ne60","varE2"
"122",1.00726165540331,0.128809872129731,"./pheno_1000_2yr_nDH25_varE2_Ne60_Mean_g.csv","pheno_1000_2yr_nDH25_varE2_Ne60_Mean_g","pheno",1000,"2yr",3,"nDH25","Ne60","varE2"
"123",1.00025705000092,0.034279920130141,"./pheno_1000_2yr_nDH25_varE2_Ne60_Mean_g.csv","pheno_1000_2yr_nDH25_varE2_Ne60_Mean_g","pheno",1000,"2yr",4,"nDH25","Ne60","varE2"
"124",2.07374869084902,0.149495034318292,"./pheno_1000_2yr_nDH25_varE2_Ne60_Mean_g.csv","pheno_1000_2yr_nDH25_varE2_Ne60_Mean_g","pheno",1000,"2yr",5,"nDH25","Ne60","varE2"
"125",1.9724743890776,0.0103605294186074,"./pheno_1000_2yr_nDH25_varE2_Ne60_Mean_g.csv","pheno_1000_2yr_nDH25_varE2_Ne60_Mean_g","pheno",1000,"2yr",6,"nDH25","Ne60","varE2"
"126",2.94634547153517,0.15355813130722,"./pheno_1000_2yr_nDH25_varE2_Ne60_Mean_g.csv","pheno_1000_2yr_nDH25_varE2_Ne60_Mean_g","pheno",1000,"2yr",7,"nDH25","Ne60","varE2"
"127",0.00361179465405151,0.039853858156335,"./pheno_400_1yr_nDH25_varE2_Ne60_Mean_g.csv","pheno_400_1yr_nDH25_varE2_Ne60_Mean_g","pheno",400,"1yr",1,"nDH25","Ne60","varE2"
"128",-0.00369737390808714,0.0424772971869348,"./pheno_400_1yr_nDH25_varE2_Ne60_Mean_g.csv","pheno_400_1yr_nDH25_varE2_Ne60_Mean_g","pheno",400,"1yr",2,"nDH25","Ne60","varE2"
"129",0.915183506908777,0.152215093269782,"./pheno_400_1yr_nDH25_varE2_Ne60_Mean_g.csv","pheno_400_1yr_nDH25_varE2_Ne60_Mean_g","pheno",400,"1yr",3,"nDH25","Ne60","varE2"
"130",1.78437357924632,0.270200803270364,"./pheno_400_1yr_nDH25_varE2_Ne60_Mean_g.csv","pheno_400_1yr_nDH25_varE2_Ne60_Mean_g","pheno",400,"1yr",4,"nDH25","Ne60","varE2"
"131",2.56409339383751,0.319870745563817,"./pheno_400_1yr_nDH25_varE2_Ne60_Mean_g.csv","pheno_400_1yr_nDH25_varE2_Ne60_Mean_g","pheno",400,"1yr",5,"nDH25","Ne60","varE2"
"132",3.32167442507531,0.353190045086019,"./pheno_400_1yr_nDH25_varE2_Ne60_Mean_g.csv","pheno_400_1yr_nDH25_varE2_Ne60_Mean_g","pheno",400,"1yr",6,"nDH25","Ne60","varE2"
"133",4.05812233542767,0.364612796098103,"./pheno_400_1yr_nDH25_varE2_Ne60_Mean_g.csv","pheno_400_1yr_nDH25_varE2_Ne60_Mean_g","pheno",400,"1yr",7,"nDH25","Ne60","varE2"
"134",-0.0395678996653284,0.0225315125846292,"./pheno_400_2yr_nDH25_varE2_Ne60_Mean_g.csv","pheno_400_2yr_nDH25_varE2_Ne60_Mean_g","pheno",400,"2yr",1,"nDH25","Ne60","varE2"
"135",0.0283061831454881,0.0212129281576378,"./pheno_400_2yr_nDH25_varE2_Ne60_Mean_g.csv","pheno_400_2yr_nDH25_varE2_Ne60_Mean_g","pheno",400,"2yr",2,"nDH25","Ne60","varE2"
"136",0.898105575977316,0.108239084976398,"./pheno_400_2yr_nDH25_varE2_Ne60_Mean_g.csv","pheno_400_2yr_nDH25_varE2_Ne60_Mean_g","pheno",400,"2yr",3,"nDH25","Ne60","varE2"
"137",1.07789493401852,0.146641916485526,"./pheno_400_2yr_nDH25_varE2_Ne60_Mean_g.csv","pheno_400_2yr_nDH25_varE2_Ne60_Mean_g","pheno",400,"2yr",4,"nDH25","Ne60","varE2"
"138",1.62709556835839,0.0640270280037746,"./pheno_400_2yr_nDH25_varE2_Ne60_Mean_g.csv","pheno_400_2yr_nDH25_varE2_Ne60_Mean_g","pheno",400,"2yr",5,"nDH25","Ne60","varE2"
"139",1.93494426355752,0.228623816795332,"./pheno_400_2yr_nDH25_varE2_Ne60_Mean_g.csv","pheno_400_2yr_nDH25_varE2_Ne60_Mean_g","pheno",400,"2yr",6,"nDH25","Ne60","varE2"
"140",2.53159936080607,0.131575026549342,"./pheno_400_2yr_nDH25_varE2_Ne60_Mean_g.csv","pheno_400_2yr_nDH25_varE2_Ne60_Mean_g","pheno",400,"2yr",7,"nDH25","Ne60","varE2"
"141",-0.000343722958084787,0.0223667331642643,"./rand_1000_1yr_nDH25_varE2_Ne60_Mean_g.csv","rand_1000_1yr_nDH25_varE2_Ne60_Mean_g","rand",1000,"1yr",1,"nDH25","Ne60","varE2"
"142",0.00345460902737429,0.020108336255791,"./rand_1000_1yr_nDH25_varE2_Ne60_Mean_g.csv","rand_1000_1yr_nDH25_varE2_Ne60_Mean_g","rand",1000,"1yr",2,"nDH25","Ne60","varE2"
"143",0.564564586528199,0.0974667439582004,"./rand_1000_1yr_nDH25_varE2_Ne60_Mean_g.csv","rand_1000_1yr_nDH25_varE2_Ne60_Mean_g","rand",1000,"1yr",3,"nDH25","Ne60","varE2"
"144",1.09465482411486,0.147775596600439,"./rand_1000_1yr_nDH25_varE2_Ne60_Mean_g.csv","rand_1000_1yr_nDH25_varE2_Ne60_Mean_g","rand",1000,"1yr",4,"nDH25","Ne60","varE2"
"145",1.61628037563313,0.169866616821867,"./rand_1000_1yr_nDH25_varE2_Ne60_Mean_g.csv","rand_1000_1yr_nDH25_varE2_Ne60_Mean_g","rand",1000,"1yr",5,"nDH25","Ne60","varE2"
"146",2.14582787911033,0.189636536851471,"./rand_1000_1yr_nDH25_varE2_Ne60_Mean_g.csv","rand_1000_1yr_nDH25_varE2_Ne60_Mean_g","rand",1000,"1yr",6,"nDH25","Ne60","varE2"
"147",2.6588277285942,0.209802214389138,"./rand_1000_1yr_nDH25_varE2_Ne60_Mean_g.csv","rand_1000_1yr_nDH25_varE2_Ne60_Mean_g","rand",1000,"1yr",7,"nDH25","Ne60","varE2"
"148",-0.0319909371557142,0.0270645723482228,"./rand_1000_2yr_nDH25_varE2_Ne60_Mean_g.csv","rand_1000_2yr_nDH25_varE2_Ne60_Mean_g","rand",1000,"2yr",1,"nDH25","Ne60","varE2"
"149",0.0057646408133638,0.0289360366150322,"./rand_1000_2yr_nDH25_varE2_Ne60_Mean_g.csv","rand_1000_2yr_nDH25_varE2_Ne60_Mean_g","rand",1000,"2yr",2,"nDH25","Ne60","varE2"
"150",0.558845852694776,0.104340899664024,"./rand_1000_2yr_nDH25_varE2_Ne60_Mean_g.csv","rand_1000_2yr_nDH25_varE2_Ne60_Mean_g","rand",1000,"2yr",3,"nDH25","Ne60","varE2"
"151",0.537108716695999,0.0415134114720614,"./rand_1000_2yr_nDH25_varE2_Ne60_Mean_g.csv","rand_1000_2yr_nDH25_varE2_Ne60_Mean_g","rand",1000,"2yr",4,"nDH25","Ne60","varE2"
"152",1.11699974797313,0.0720792331021413,"./rand_1000_2yr_nDH25_varE2_Ne60_Mean_g.csv","rand_1000_2yr_nDH25_varE2_Ne60_Mean_g","rand",1000,"2yr",5,"nDH25","Ne60","varE2"
"153",1.18146862599663,0.0122063614038414,"./rand_1000_2yr_nDH25_varE2_Ne60_Mean_g.csv","rand_1000_2yr_nDH25_varE2_Ne60_Mean_g","rand",1000,"2yr",6,"nDH25","Ne60","varE2"
"154",1.57743215703356,0.00384030595716164,"./rand_1000_2yr_nDH25_varE2_Ne60_Mean_g.csv","rand_1000_2yr_nDH25_varE2_Ne60_Mean_g","rand",1000,"2yr",7,"nDH25","Ne60","varE2"
"155",0.00151623341398317,0.0428778884287542,"./rand_400_1yr_nDH25_varE2_Ne60_Mean_g.csv","rand_400_1yr_nDH25_varE2_Ne60_Mean_g","rand",400,"1yr",1,"nDH25","Ne60","varE2"
"156",-0.00546375838429699,0.0379476355841265,"./rand_400_1yr_nDH25_varE2_Ne60_Mean_g.csv","rand_400_1yr_nDH25_varE2_Ne60_Mean_g","rand",400,"1yr",2,"nDH25","Ne60","varE2"
"157",0.479289531061766,0.143411341060438,"./rand_400_1yr_nDH25_varE2_Ne60_Mean_g.csv","rand_400_1yr_nDH25_varE2_Ne60_Mean_g","rand",400,"1yr",3,"nDH25","Ne60","varE2"
"158",0.978969469888276,0.222678077950702,"./rand_400_1yr_nDH25_varE2_Ne60_Mean_g.csv","rand_400_1yr_nDH25_varE2_Ne60_Mean_g","rand",400,"1yr",4,"nDH25","Ne60","varE2"
"159",1.44169192789503,0.28684761547788,"./rand_400_1yr_nDH25_varE2_Ne60_Mean_g.csv","rand_400_1yr_nDH25_varE2_Ne60_Mean_g","rand",400,"1yr",5,"nDH25","Ne60","varE2"
"160",1.90037061600811,0.317711210423172,"./rand_400_1yr_nDH25_varE2_Ne60_Mean_g.csv","rand_400_1yr_nDH25_varE2_Ne60_Mean_g","rand",400,"1yr",6,"nDH25","Ne60","varE2"
"161",2.35854896147472,0.353866507366426,"./rand_400_1yr_nDH25_varE2_Ne60_Mean_g.csv","rand_400_1yr_nDH25_varE2_Ne60_Mean_g","rand",400,"1yr",7,"nDH25","Ne60","varE2"
"162",-0.0049090185431811,0.0265215127013483,"./rand_400_2yr_nDH25_varE2_Ne60_Mean_g.csv","rand_400_2yr_nDH25_varE2_Ne60_Mean_g","rand",400,"2yr",1,"nDH25","Ne60","varE2"
"163",0.0108782990407225,0.062093491622911,"./rand_400_2yr_nDH25_varE2_Ne60_Mean_g.csv","rand_400_2yr_nDH25_varE2_Ne60_Mean_g","rand",400,"2yr",2,"nDH25","Ne60","varE2"
"164",0.424478484142772,0.0554505883909262,"./rand_400_2yr_nDH25_varE2_Ne60_Mean_g.csv","rand_400_2yr_nDH25_varE2_Ne60_Mean_g","rand",400,"2yr",3,"nDH25","Ne60","varE2"
"165",0.433428547130271,0.292158703474169,"./rand_400_2yr_nDH25_varE2_Ne60_Mean_g.csv","rand_400_2yr_nDH25_varE2_Ne60_Mean_g","rand",400,"2yr",4,"nDH25","Ne60","varE2"
"166",0.711287688082297,0.120707699079435,"./rand_400_2yr_nDH25_varE2_Ne60_Mean_g.csv","rand_400_2yr_nDH25_varE2_Ne60_Mean_g","rand",400,"2yr",5,"nDH25","Ne60","varE2"
"167",0.879210280345993,0.0742270279321514,"./rand_400_2yr_nDH25_varE2_Ne60_Mean_g.csv","rand_400_2yr_nDH25_varE2_Ne60_Mean_g","rand",400,"2yr",6,"nDH25","Ne60","varE2"
"168",1.08886506630892,0.106903654647193,"./rand_400_2yr_nDH25_varE2_Ne60_Mean_g.csv","rand_400_2yr_nDH25_varE2_Ne60_Mean_g","rand",400,"2yr",7,"nDH25","Ne60","varE2"
"169",0.011895679447899,0.00631157688342619,"./pheno_1000_1yr_nDH25_varE2_Ne600_Mean_g.csv","pheno_1000_1yr_nDH25_varE2_Ne600_Mean_g","pheno",1000,"1yr",1,"nDH25","Ne600","varE2"
"170",-0.0242473701251693,0.0124866263627429,"./pheno_1000_1yr_nDH25_varE2_Ne600_Mean_g.csv","pheno_1000_1yr_nDH25_varE2_Ne600_Mean_g","pheno",1000,"1yr",2,"nDH25","Ne600","varE2"
"171",0.7641993658972,0.00397139771431932,"./pheno_1000_1yr_nDH25_varE2_Ne600_Mean_g.csv","pheno_1000_1yr_nDH25_varE2_Ne600_Mean_g","pheno",1000,"1yr",3,"nDH25","Ne600","varE2"
"172",1.48716080269156,0.028151657051516,"./pheno_1000_1yr_nDH25_varE2_Ne600_Mean_g.csv","pheno_1000_1yr_nDH25_varE2_Ne600_Mean_g","pheno",1000,"1yr",4,"nDH25","Ne600","varE2"
"173",2.21495907090152,0.027899822196261,"./pheno_1000_1yr_nDH25_varE2_Ne600_Mean_g.csv","pheno_1000_1yr_nDH25_varE2_Ne600_Mean_g","pheno",1000,"1yr",5,"nDH25","Ne600","varE2"
"174",2.95306353618464,0.0479528850241213,"./pheno_1000_1yr_nDH25_varE2_Ne600_Mean_g.csv","pheno_1000_1yr_nDH25_varE2_Ne600_Mean_g","pheno",1000,"1yr",6,"nDH25","Ne600","varE2"
"175",3.68084255823223,0.0403531633818645,"./pheno_1000_1yr_nDH25_varE2_Ne600_Mean_g.csv","pheno_1000_1yr_nDH25_varE2_Ne600_Mean_g","pheno",1000,"1yr",7,"nDH25","Ne600","varE2"
"176",0.0080576679007566,0.0204755701121673,"./pheno_1000_2yr_nDH25_varE2_Ne600_Mean_g.csv","pheno_1000_2yr_nDH25_varE2_Ne600_Mean_g","pheno",1000,"2yr",1,"nDH25","Ne600","varE2"
"177",-8.558026254315e-06,0.00477506410361478,"./pheno_1000_2yr_nDH25_varE2_Ne600_Mean_g.csv","pheno_1000_2yr_nDH25_varE2_Ne600_Mean_g","pheno",1000,"2yr",2,"nDH25","Ne600","varE2"
"178",0.738199131299905,0.0444826576349016,"./pheno_1000_2yr_nDH25_varE2_Ne600_Mean_g.csv","pheno_1000_2yr_nDH25_varE2_Ne600_Mean_g","pheno",1000,"2yr",3,"nDH25","Ne600","varE2"
"179",0.858232750705476,0.0579772471043895,"./pheno_1000_2yr_nDH25_varE2_Ne600_Mean_g.csv","pheno_1000_2yr_nDH25_varE2_Ne600_Mean_g","pheno",1000,"2yr",4,"nDH25","Ne600","varE2"
"180",1.53428674743303,0.23588172232324,"./pheno_1000_2yr_nDH25_varE2_Ne600_Mean_g.csv","pheno_1000_2yr_nDH25_varE2_Ne600_Mean_g","pheno",1000,"2yr",5,"nDH25","Ne600","varE2"
"181",1.5779266005864,0.0144541023713556,"./pheno_1000_2yr_nDH25_varE2_Ne600_Mean_g.csv","pheno_1000_2yr_nDH25_varE2_Ne600_Mean_g","pheno",1000,"2yr",6,"nDH25","Ne600","varE2"
"182",2.22617169620496,0.358931753990034,"./pheno_1000_2yr_nDH25_varE2_Ne600_Mean_g.csv","pheno_1000_2yr_nDH25_varE2_Ne600_Mean_g","pheno",1000,"2yr",7,"nDH25","Ne600","varE2"
"183",0.00501103466738328,0.04387064068003,"./pheno_400_1yr_nDH25_varE2_Ne600_Mean_g.csv","pheno_400_1yr_nDH25_varE2_Ne600_Mean_g","pheno",400,"1yr",1,"nDH25","Ne600","varE2"
"184",-0.00212269219802922,0.0437515513099962,"./pheno_400_1yr_nDH25_varE2_Ne600_Mean_g.csv","pheno_400_1yr_nDH25_varE2_Ne600_Mean_g","pheno",400,"1yr",2,"nDH25","Ne600","varE2"
"185",0.804127029573851,0.152413412248113,"./pheno_400_1yr_nDH25_varE2_Ne600_Mean_g.csv","pheno_400_1yr_nDH25_varE2_Ne600_Mean_g","pheno",400,"1yr",3,"nDH25","Ne600","varE2"
"186",1.5895200370526,0.268628337248528,"./pheno_400_1yr_nDH25_varE2_Ne600_Mean_g.csv","pheno_400_1yr_nDH25_varE2_Ne600_Mean_g","pheno",400,"1yr",4,"nDH25","Ne600","varE2"
"187",2.31777753619241,0.308915946050876,"./pheno_400_1yr_nDH25_varE2_Ne600_Mean_g.csv","pheno_400_1yr_nDH25_varE2_Ne600_Mean_g","pheno",400,"1yr",5,"nDH25","Ne600","varE2"
"188",2.99249530329664,0.339484346981095,"./pheno_400_1yr_nDH25_varE2_Ne600_Mean_g.csv","pheno_400_1yr_nDH25_varE2_Ne600_Mean_g","pheno",400,"1yr",6,"nDH25","Ne600","varE2"
"189",3.66731839848361,0.376526543909299,"./pheno_400_1yr_nDH25_varE2_Ne600_Mean_g.csv","pheno_400_1yr_nDH25_varE2_Ne600_Mean_g","pheno",400,"1yr",7,"nDH25","Ne600","varE2"
"190",0.0156545123728794,0.0220676671434828,"./pheno_400_2yr_nDH25_varE2_Ne600_Mean_g.csv","pheno_400_2yr_nDH25_varE2_Ne600_Mean_g","pheno",400,"2yr",1,"nDH25","Ne600","varE2"
"191",-0.0469377103397417,0.0810088954653699,"./pheno_400_2yr_nDH25_varE2_Ne600_Mean_g.csv","pheno_400_2yr_nDH25_varE2_Ne600_Mean_g","pheno",400,"2yr",2,"nDH25","Ne600","varE2"
"192",0.658755805506259,0.00718113951440507,"./pheno_400_2yr_nDH25_varE2_Ne600_Mean_g.csv","pheno_400_2yr_nDH25_varE2_Ne600_Mean_g","pheno",400,"2yr",3,"nDH25","Ne600","varE2"
"193",0.902062033415866,0.0766174512221962,"./pheno_400_2yr_nDH25_varE2_Ne600_Mean_g.csv","pheno_400_2yr_nDH25_varE2_Ne600_Mean_g","pheno",400,"2yr",4,"nDH25","Ne600","varE2"
"194",1.30220816426607,0.0815370283288509,"./pheno_400_2yr_nDH25_varE2_Ne600_Mean_g.csv","pheno_400_2yr_nDH25_varE2_Ne600_Mean_g","pheno",400,"2yr",5,"nDH25","Ne600","varE2"
"195",1.78272465234723,0.403347040406619,"./pheno_400_2yr_nDH25_varE2_Ne600_Mean_g.csv","pheno_400_2yr_nDH25_varE2_Ne600_Mean_g","pheno",400,"2yr",6,"nDH25","Ne600","varE2"
"196",1.97527677243553,0.0388782055081328,"./pheno_400_2yr_nDH25_varE2_Ne600_Mean_g.csv","pheno_400_2yr_nDH25_varE2_Ne600_Mean_g","pheno",400,"2yr",7,"nDH25","Ne600","varE2"
"197",-0.00062471644355976,0.0216778799606796,"./rand_1000_1yr_nDH25_varE2_Ne600_Mean_g.csv","rand_1000_1yr_nDH25_varE2_Ne600_Mean_g","rand",1000,"1yr",1,"nDH25","Ne600","varE2"
"198",0.000743677303317633,0.0228245945425752,"./rand_1000_1yr_nDH25_varE2_Ne600_Mean_g.csv","rand_1000_1yr_nDH25_varE2_Ne600_Mean_g","rand",1000,"1yr",2,"nDH25","Ne600","varE2"
"199",0.400198056528699,0.0991626640366266,"./rand_1000_1yr_nDH25_varE2_Ne600_Mean_g.csv","rand_1000_1yr_nDH25_varE2_Ne600_Mean_g","rand",1000,"1yr",3,"nDH25","Ne600","varE2"
"200",0.798114358952863,0.154499031290079,"./rand_1000_1yr_nDH25_varE2_Ne600_Mean_g.csv","rand_1000_1yr_nDH25_varE2_Ne600_Mean_g","rand",1000,"1yr",4,"nDH25","Ne600","varE2"
"201",1.21981070658718,0.204068257367975,"./rand_1000_1yr_nDH25_varE2_Ne600_Mean_g.csv","rand_1000_1yr_nDH25_varE2_Ne600_Mean_g","rand",1000,"1yr",5,"nDH25","Ne600","varE2"
"202",1.63365309863605,0.2331556891772,"./rand_1000_1yr_nDH25_varE2_Ne600_Mean_g.csv","rand_1000_1yr_nDH25_varE2_Ne600_Mean_g","rand",1000,"1yr",6,"nDH25","Ne600","varE2"
"203",2.05209170895525,0.250319133624695,"./rand_1000_1yr_nDH25_varE2_Ne600_Mean_g.csv","rand_1000_1yr_nDH25_varE2_Ne600_Mean_g","rand",1000,"1yr",7,"nDH25","Ne600","varE2"
"204",0.0135143089720519,0.0471533688066537,"./rand_1000_2yr_nDH25_varE2_Ne600_Mean_g.csv","rand_1000_2yr_nDH25_varE2_Ne600_Mean_g","rand",1000,"2yr",1,"nDH25","Ne600","varE2"
"205",-0.02086126916882,0.00525771140391784,"./rand_1000_2yr_nDH25_varE2_Ne600_Mean_g.csv","rand_1000_2yr_nDH25_varE2_Ne600_Mean_g","rand",1000,"2yr",2,"nDH25","Ne600","varE2"
"206",0.404910370648123,0.0522882986289065,"./rand_1000_2yr_nDH25_varE2_Ne600_Mean_g.csv","rand_1000_2yr_nDH25_varE2_Ne600_Mean_g","rand",1000,"2yr",3,"nDH25","Ne600","varE2"
"207",0.401558358681864,0.121968943396121,"./rand_1000_2yr_nDH25_varE2_Ne600_Mean_g.csv","rand_1000_2yr_nDH25_varE2_Ne600_Mean_g","rand",1000,"2yr",4,"nDH25","Ne600","varE2"
"208",0.709337121941454,0.140954494326953,"./rand_1000_2yr_nDH25_varE2_Ne600_Mean_g.csv","rand_1000_2yr_nDH25_varE2_Ne600_Mean_g","rand",1000,"2yr",5,"nDH25","Ne600","varE2"
"209",0.818779127015745,0.0197889979741574,"./rand_1000_2yr_nDH25_varE2_Ne600_Mean_g.csv","rand_1000_2yr_nDH25_varE2_Ne600_Mean_g","rand",1000,"2yr",6,"nDH25","Ne600","varE2"
"210",1.02686618809502,0.147496894513011,"./rand_1000_2yr_nDH25_varE2_Ne600_Mean_g.csv","rand_1000_2yr_nDH25_varE2_Ne600_Mean_g","rand",1000,"2yr",7,"nDH25","Ne600","varE2"
"211",-0.000722283371409593,0.0417201045501651,"./rand_400_1yr_nDH25_varE2_Ne600_Mean_g.csv","rand_400_1yr_nDH25_varE2_Ne600_Mean_g","rand",400,"1yr",1,"nDH25","Ne600","varE2"
"212",-0.00190128928742652,0.0380267550477626,"./rand_400_1yr_nDH25_varE2_Ne600_Mean_g.csv","rand_400_1yr_nDH25_varE2_Ne600_Mean_g","rand",400,"1yr",2,"nDH25","Ne600","varE2"
"213",0.365415992687103,0.159797812612755,"./rand_400_1yr_nDH25_varE2_Ne600_Mean_g.csv","rand_400_1yr_nDH25_varE2_Ne600_Mean_g","rand",400,"1yr",3,"nDH25","Ne600","varE2"
"214",0.803555514373901,0.23163755287802,"./rand_400_1yr_nDH25_varE2_Ne600_Mean_g.csv","rand_400_1yr_nDH25_varE2_Ne600_Mean_g","rand",400,"1yr",4,"nDH25","Ne600","varE2"
"215",1.23037430753522,0.280724593116244,"./rand_400_1yr_nDH25_varE2_Ne600_Mean_g.csv","rand_400_1yr_nDH25_varE2_Ne600_Mean_g","rand",400,"1yr",5,"nDH25","Ne600","varE2"
"216",1.59844015672753,0.334149366835929,"./rand_400_1yr_nDH25_varE2_Ne600_Mean_g.csv","rand_400_1yr_nDH25_varE2_Ne600_Mean_g","rand",400,"1yr",6,"nDH25","Ne600","varE2"
"217",1.97520576664592,0.389795743267358,"./rand_400_1yr_nDH25_varE2_Ne600_Mean_g.csv","rand_400_1yr_nDH25_varE2_Ne600_Mean_g","rand",400,"1yr",7,"nDH25","Ne600","varE2"
"218",-0.0104234323826817,0.043418632159512,"./rand_400_2yr_nDH25_varE2_Ne600_Mean_g.csv","rand_400_2yr_nDH25_varE2_Ne600_Mean_g","rand",400,"2yr",1,"nDH25","Ne600","varE2"
"219",0.026306609140597,0.0467747611545257,"./rand_400_2yr_nDH25_varE2_Ne600_Mean_g.csv","rand_400_2yr_nDH25_varE2_Ne600_Mean_g","rand",400,"2yr",2,"nDH25","Ne600","varE2"
"220",0.229528220180354,0.0490206546132914,"./rand_400_2yr_nDH25_varE2_Ne600_Mean_g.csv","rand_400_2yr_nDH25_varE2_Ne600_Mean_g","rand",400,"2yr",3,"nDH25","Ne600","varE2"
"221",0.284506954028083,0.155066508701523,"./rand_400_2yr_nDH25_varE2_Ne600_Mean_g.csv","rand_400_2yr_nDH25_varE2_Ne600_Mean_g","rand",400,"2yr",4,"nDH25","Ne600","varE2"
"222",0.547063279405043,0.0166633457551526,"./rand_400_2yr_nDH25_varE2_Ne600_Mean_g.csv","rand_400_2yr_nDH25_varE2_Ne600_Mean_g","rand",400,"2yr",5,"nDH25","Ne600","varE2"
"223",0.716702435397689,0.0190041988935025,"./rand_400_2yr_nDH25_varE2_Ne600_Mean_g.csv","rand_400_2yr_nDH25_varE2_Ne600_Mean_g","rand",400,"2yr",6,"nDH25","Ne600","varE2"
"224",0.864491174481945,0.0593990944104625,"./rand_400_2yr_nDH25_varE2_Ne600_Mean_g.csv","rand_400_2yr_nDH25_varE2_Ne600_Mean_g","rand",400,"2yr",7,"nDH25","Ne600","varE2"
"225",-0.0111894622171813,0.00606501916617751,"./pheno_1000_1yr_nDH25_varE5.67_Ne60_Mean_g.csv","pheno_1000_1yr_nDH25_varE5.67_Ne60_Mean_g","pheno",1000,"1yr",1,"nDH25","Ne60","varE5.67"
"226",-0.00361258074204627,0.000241580152579938,"./pheno_1000_1yr_nDH25_varE5.67_Ne60_Mean_g.csv","pheno_1000_1yr_nDH25_varE5.67_Ne60_Mean_g","pheno",1000,"1yr",2,"nDH25","Ne60","varE5.67"
"227",0.745479203213959,0.093440976736538,"./pheno_1000_1yr_nDH25_varE5.67_Ne60_Mean_g.csv","pheno_1000_1yr_nDH25_varE5.67_Ne60_Mean_g","pheno",1000,"1yr",3,"nDH25","Ne60","varE5.67"
"228",1.42275229093502,0.328677828767776,"./pheno_1000_1yr_nDH25_varE5.67_Ne60_Mean_g.csv","pheno_1000_1yr_nDH25_varE5.67_Ne60_Mean_g","pheno",1000,"1yr",4,"nDH25","Ne60","varE5.67"
"229",2.15126550957243,0.349879859294145,"./pheno_1000_1yr_nDH25_varE5.67_Ne60_Mean_g.csv","pheno_1000_1yr_nDH25_varE5.67_Ne60_Mean_g","pheno",1000,"1yr",5,"nDH25","Ne60","varE5.67"
"230",2.7903697076279,0.418102132019484,"./pheno_1000_1yr_nDH25_varE5.67_Ne60_Mean_g.csv","pheno_1000_1yr_nDH25_varE5.67_Ne60_Mean_g","pheno",1000,"1yr",6,"nDH25","Ne60","varE5.67"
"231",3.38009251142349,0.454837757944675,"./pheno_1000_1yr_nDH25_varE5.67_Ne60_Mean_g.csv","pheno_1000_1yr_nDH25_varE5.67_Ne60_Mean_g","pheno",1000,"1yr",7,"nDH25","Ne60","varE5.67"
"232",0.0320387085054632,0.00569463205328289,"./pheno_1000_2yr_nDH25_varE5.67_Ne60_Mean_g.csv","pheno_1000_2yr_nDH25_varE5.67_Ne60_Mean_g","pheno",1000,"2yr",1,"nDH25","Ne60","varE5.67"
"233",-0.0101118954053415,0.0233334723720109,"./pheno_1000_2yr_nDH25_varE5.67_Ne60_Mean_g.csv","pheno_1000_2yr_nDH25_varE5.67_Ne60_Mean_g","pheno",1000,"2yr",2,"nDH25","Ne60","varE5.67"
"234",0.789270899540101,0.165569422825152,"./pheno_1000_2yr_nDH25_varE5.67_Ne60_Mean_g.csv","pheno_1000_2yr_nDH25_varE5.67_Ne60_Mean_g","pheno",1000,"2yr",3,"nDH25","Ne60","varE5.67"
"235",0.755878532540388,0.0837169281956629,"./pheno_1000_2yr_nDH25_varE5.67_Ne60_Mean_g.csv","pheno_1000_2yr_nDH25_varE5.67_Ne60_Mean_g","pheno",1000,"2yr",4,"nDH25","Ne60","varE5.67"
"236",1.47488339540186,0.30087295651772,"./pheno_1000_2yr_nDH25_varE5.67_Ne60_Mean_g.csv","pheno_1000_2yr_nDH25_varE5.67_Ne60_Mean_g","pheno",1000,"2yr",5,"nDH25","Ne60","varE5.67"
"237",1.49192749205007,0.0752249910051874,"./pheno_1000_2yr_nDH25_varE5.67_Ne60_Mean_g.csv","pheno_1000_2yr_nDH25_varE5.67_Ne60_Mean_g","pheno",1000,"2yr",6,"nDH25","Ne60","varE5.67"
"238",2.09106973045492,0.309665258473115,"./pheno_1000_2yr_nDH25_varE5.67_Ne60_Mean_g.csv","pheno_1000_2yr_nDH25_varE5.67_Ne60_Mean_g","pheno",1000,"2yr",7,"nDH25","Ne60","varE5.67"
"239",0.00391473130077317,0.0462948330368606,"./pheno_400_1yr_nDH25_varE5.67_Ne60_Mean_g.csv","pheno_400_1yr_nDH25_varE5.67_Ne60_Mean_g","pheno",400,"1yr",1,"nDH25","Ne60","varE5.67"
"240",-0.00515305237778964,0.043723279110967,"./pheno_400_1yr_nDH25_varE5.67_Ne60_Mean_g.csv","pheno_400_1yr_nDH25_varE5.67_Ne60_Mean_g","pheno",400,"1yr",2,"nDH25","Ne60","varE5.67"
"241",0.621058523895707,0.173053089382017,"./pheno_400_1yr_nDH25_varE5.67_Ne60_Mean_g.csv","pheno_400_1yr_nDH25_varE5.67_Ne60_Mean_g","pheno",400,"1yr",3,"nDH25","Ne60","varE5.67"
"242",1.30510968050484,0.25607594701829,"./pheno_400_1yr_nDH25_varE5.67_Ne60_Mean_g.csv","pheno_400_1yr_nDH25_varE5.67_Ne60_Mean_g","pheno",400,"1yr",4,"nDH25","Ne60","varE5.67"
"243",1.91635825074463,0.319736183720845,"./pheno_400_1yr_nDH25_varE5.67_Ne60_Mean_g.csv","pheno_400_1yr_nDH25_varE5.67_Ne60_Mean_g","pheno",400,"1yr",5,"nDH25","Ne60","varE5.67"
"244",2.50313444019681,0.350764509740645,"./pheno_400_1yr_nDH25_varE5.67_Ne60_Mean_g.csv","pheno_400_1yr_nDH25_varE5.67_Ne60_Mean_g","pheno",400,"1yr",6,"nDH25","Ne60","varE5.67"
"245",3.06339943994015,0.386345104741071,"./pheno_400_1yr_nDH25_varE5.67_Ne60_Mean_g.csv","pheno_400_1yr_nDH25_varE5.67_Ne60_Mean_g","pheno",400,"1yr",7,"nDH25","Ne60","varE5.67"
"246",-0.0315527514775561,0.0489346005131762,"./pheno_400_2yr_nDH25_varE5.67_Ne60_Mean_g.csv","pheno_400_2yr_nDH25_varE5.67_Ne60_Mean_g","pheno",400,"2yr",1,"nDH25","Ne60","varE5.67"
"247",0.0209094244507155,0.015746449833168,"./pheno_400_2yr_nDH25_varE5.67_Ne60_Mean_g.csv","pheno_400_2yr_nDH25_varE5.67_Ne60_Mean_g","pheno",400,"2yr",2,"nDH25","Ne60","varE5.67"
"248",0.614580300416602,0.187307158326127,"./pheno_400_2yr_nDH25_varE5.67_Ne60_Mean_g.csv","pheno_400_2yr_nDH25_varE5.67_Ne60_Mean_g","pheno",400,"2yr",3,"nDH25","Ne60","varE5.67"
"249",0.627398287066131,0.0439908214667066,"./pheno_400_2yr_nDH25_varE5.67_Ne60_Mean_g.csv","pheno_400_2yr_nDH25_varE5.67_Ne60_Mean_g","pheno",400,"2yr",4,"nDH25","Ne60","varE5.67"
"250",1.32657508110356,0.178427798898813,"./pheno_400_2yr_nDH25_varE5.67_Ne60_Mean_g.csv","pheno_400_2yr_nDH25_varE5.67_Ne60_Mean_g","pheno",400,"2yr",5,"nDH25","Ne60","varE5.67"
"251",1.17767336256955,0.0166369853462506,"./pheno_400_2yr_nDH25_varE5.67_Ne60_Mean_g.csv","pheno_400_2yr_nDH25_varE5.67_Ne60_Mean_g","pheno",400,"2yr",6,"nDH25","Ne60","varE5.67"
"252",2.17468464299048,0.168659599278686,"./pheno_400_2yr_nDH25_varE5.67_Ne60_Mean_g.csv","pheno_400_2yr_nDH25_varE5.67_Ne60_Mean_g","pheno",400,"2yr",7,"nDH25","Ne60","varE5.67"
"253",-8.12970813641825e-05,0.0212588995824662,"./rand_1000_1yr_nDH25_varE5.67_Ne60_Mean_g.csv","rand_1000_1yr_nDH25_varE5.67_Ne60_Mean_g","rand",1000,"1yr",1,"nDH25","Ne60","varE5.67"
"254",-0.00271023209968661,0.0235048647913275,"./rand_1000_1yr_nDH25_varE5.67_Ne60_Mean_g.csv","rand_1000_1yr_nDH25_varE5.67_Ne60_Mean_g","rand",1000,"1yr",2,"nDH25","Ne60","varE5.67"
"255",0.431206415420105,0.101228246827258,"./rand_1000_1yr_nDH25_varE5.67_Ne60_Mean_g.csv","rand_1000_1yr_nDH25_varE5.67_Ne60_Mean_g","rand",1000,"1yr",3,"nDH25","Ne60","varE5.67"
"256",0.879181052868048,0.144298106478776,"./rand_1000_1yr_nDH25_varE5.67_Ne60_Mean_g.csv","rand_1000_1yr_nDH25_varE5.67_Ne60_Mean_g","rand",1000,"1yr",4,"nDH25","Ne60","varE5.67"
"257",1.30645733102526,0.183150483213678,"./rand_1000_1yr_nDH25_varE5.67_Ne60_Mean_g.csv","rand_1000_1yr_nDH25_varE5.67_Ne60_Mean_g","rand",1000,"1yr",5,"nDH25","Ne60","varE5.67"
"258",1.72969004698911,0.230043199547488,"./rand_1000_1yr_nDH25_varE5.67_Ne60_Mean_g.csv","rand_1000_1yr_nDH25_varE5.67_Ne60_Mean_g","rand",1000,"1yr",6,"nDH25","Ne60","varE5.67"
"259",2.14023335022454,0.257317491151941,"./rand_1000_1yr_nDH25_varE5.67_Ne60_Mean_g.csv","rand_1000_1yr_nDH25_varE5.67_Ne60_Mean_g","rand",1000,"1yr",7,"nDH25","Ne60","varE5.67"
"260",0.0149574876489941,0.0467143763645437,"./rand_1000_2yr_nDH25_varE5.67_Ne60_Mean_g.csv","rand_1000_2yr_nDH25_varE5.67_Ne60_Mean_g","rand",1000,"2yr",1,"nDH25","Ne60","varE5.67"
"261",-0.0188907214284156,0.0108380008637282,"./rand_1000_2yr_nDH25_varE5.67_Ne60_Mean_g.csv","rand_1000_2yr_nDH25_varE5.67_Ne60_Mean_g","rand",1000,"2yr",2,"nDH25","Ne60","varE5.67"
"262",0.430384861569001,0.0922197668060308,"./rand_1000_2yr_nDH25_varE5.67_Ne60_Mean_g.csv","rand_1000_2yr_nDH25_varE5.67_Ne60_Mean_g","rand",1000,"2yr",3,"nDH25","Ne60","varE5.67"
"263",0.534400998085761,0.0613350936165617,"./rand_1000_2yr_nDH25_varE5.67_Ne60_Mean_g.csv","rand_1000_2yr_nDH25_varE5.67_Ne60_Mean_g","rand",1000,"2yr",4,"nDH25","Ne60","varE5.67"
"264",0.957054630266766,0.203609515560425,"./rand_1000_2yr_nDH25_varE5.67_Ne60_Mean_g.csv","rand_1000_2yr_nDH25_varE5.67_Ne60_Mean_g","rand",1000,"2yr",5,"nDH25","Ne60","varE5.67"
"265",0.992423943417979,0.133432873310742,"./rand_1000_2yr_nDH25_varE5.67_Ne60_Mean_g.csv","rand_1000_2yr_nDH25_varE5.67_Ne60_Mean_g","rand",1000,"2yr",6,"nDH25","Ne60","varE5.67"
"266",1.47842519097331,0.206806662951844,"./rand_1000_2yr_nDH25_varE5.67_Ne60_Mean_g.csv","rand_1000_2yr_nDH25_varE5.67_Ne60_Mean_g","rand",1000,"2yr",7,"nDH25","Ne60","varE5.67"
"267",0.00512080748091185,0.0449210237327397,"./rand_400_1yr_nDH25_varE5.67_Ne60_Mean_g.csv","rand_400_1yr_nDH25_varE5.67_Ne60_Mean_g","rand",400,"1yr",1,"nDH25","Ne60","varE5.67"
"268",-0.00299292803817209,0.0486618443780434,"./rand_400_1yr_nDH25_varE5.67_Ne60_Mean_g.csv","rand_400_1yr_nDH25_varE5.67_Ne60_Mean_g","rand",400,"1yr",2,"nDH25","Ne60","varE5.67"
"269",0.335218982768402,0.179103054960554,"./rand_400_1yr_nDH25_varE5.67_Ne60_Mean_g.csv","rand_400_1yr_nDH25_varE5.67_Ne60_Mean_g","rand",400,"1yr",3,"nDH25","Ne60","varE5.67"
"270",0.707462056211912,0.268987601938736,"./rand_400_1yr_nDH25_varE5.67_Ne60_Mean_g.csv","rand_400_1yr_nDH25_varE5.67_Ne60_Mean_g","rand",400,"1yr",4,"nDH25","Ne60","varE5.67"
"271",1.08198557616589,0.324587214246315,"./rand_400_1yr_nDH25_varE5.67_Ne60_Mean_g.csv","rand_400_1yr_nDH25_varE5.67_Ne60_Mean_g","rand",400,"1yr",5,"nDH25","Ne60","varE5.67"
"272",1.45285916179382,0.394896167212602,"./rand_400_1yr_nDH25_varE5.67_Ne60_Mean_g.csv","rand_400_1yr_nDH25_varE5.67_Ne60_Mean_g","rand",400,"1yr",6,"nDH25","Ne60","varE5.67"
"273",1.82226670506754,0.449014153070018,"./rand_400_1yr_nDH25_varE5.67_Ne60_Mean_g.csv","rand_400_1yr_nDH25_varE5.67_Ne60_Mean_g","rand",400,"1yr",7,"nDH25","Ne60","varE5.67"
"274",0.0577228730917275,0.000194592738418809,"./rand_400_2yr_nDH25_varE5.67_Ne60_Mean_g.csv","rand_400_2yr_nDH25_varE5.67_Ne60_Mean_g","rand",400,"2yr",1,"nDH25","Ne60","varE5.67"
"275",0.0251806747843393,0.0480824206755551,"./rand_400_2yr_nDH25_varE5.67_Ne60_Mean_g.csv","rand_400_2yr_nDH25_varE5.67_Ne60_Mean_g","rand",400,"2yr",2,"nDH25","Ne60","varE5.67"
"276",0.326928427017825,0.188340735005464,"./rand_400_2yr_nDH25_varE5.67_Ne60_Mean_g.csv","rand_400_2yr_nDH25_varE5.67_Ne60_Mean_g","rand",400,"2yr",3,"nDH25","Ne60","varE5.67"
"277",0.370571053627971,0.446014929583825,"./rand_400_2yr_nDH25_varE5.67_Ne60_Mean_g.csv","rand_400_2yr_nDH25_varE5.67_Ne60_Mean_g","rand",400,"2yr",4,"nDH25","Ne60","varE5.67"
"278",0.836276405303834,0.0290515809147657,"./rand_400_2yr_nDH25_varE5.67_Ne60_Mean_g.csv","rand_400_2yr_nDH25_varE5.67_Ne60_Mean_g","rand",400,"2yr",5,"nDH25","Ne60","varE5.67"
"279",0.84004610262917,0.395104855354292,"./rand_400_2yr_nDH25_varE5.67_Ne60_Mean_g.csv","rand_400_2yr_nDH25_varE5.67_Ne60_Mean_g","rand",400,"2yr",6,"nDH25","Ne60","varE5.67"
"280",1.2510363919087,0.263868231125853,"./rand_400_2yr_nDH25_varE5.67_Ne60_Mean_g.csv","rand_400_2yr_nDH25_varE5.67_Ne60_Mean_g","rand",400,"2yr",7,"nDH25","Ne60","varE5.67"
"281",0.00529949127676053,0.0175508161105965,"./pheno_1000_1yr_nDH25_varE5.67_Ne600_Mean_g.csv","pheno_1000_1yr_nDH25_varE5.67_Ne600_Mean_g","pheno",1000,"1yr",1,"nDH25","Ne600","varE5.67"
"282",-0.0123779248708511,0.0114042786351806,"./pheno_1000_1yr_nDH25_varE5.67_Ne600_Mean_g.csv","pheno_1000_1yr_nDH25_varE5.67_Ne600_Mean_g","pheno",1000,"1yr",2,"nDH25","Ne600","varE5.67"
"283",0.633307537603017,0.0562606420589611,"./pheno_1000_1yr_nDH25_varE5.67_Ne600_Mean_g.csv","pheno_1000_1yr_nDH25_varE5.67_Ne600_Mean_g","pheno",1000,"1yr",3,"nDH25","Ne600","varE5.67"
"284",1.28910492105125,0.327864217093334,"./pheno_1000_1yr_nDH25_varE5.67_Ne600_Mean_g.csv","pheno_1000_1yr_nDH25_varE5.67_Ne600_Mean_g","pheno",1000,"1yr",4,"nDH25","Ne600","varE5.67"
"285",1.83376057119362,0.640532842762782,"./pheno_1000_1yr_nDH25_varE5.67_Ne600_Mean_g.csv","pheno_1000_1yr_nDH25_varE5.67_Ne600_Mean_g","pheno",1000,"1yr",5,"nDH25","Ne600","varE5.67"
"286",2.37378683227523,0.561724897971296,"./pheno_1000_1yr_nDH25_varE5.67_Ne600_Mean_g.csv","pheno_1000_1yr_nDH25_varE5.67_Ne600_Mean_g","pheno",1000,"1yr",6,"nDH25","Ne600","varE5.67"
"287",2.90048101220771,0.609770855650073,"./pheno_1000_1yr_nDH25_varE5.67_Ne600_Mean_g.csv","pheno_1000_1yr_nDH25_varE5.67_Ne600_Mean_g","pheno",1000,"1yr",7,"nDH25","Ne600","varE5.67"
"288",-0.0176997924143687,0.0119208327015916,"./pheno_1000_2yr_nDH25_varE5.67_Ne600_Mean_g.csv","pheno_1000_2yr_nDH25_varE5.67_Ne600_Mean_g","pheno",1000,"2yr",1,"nDH25","Ne600","varE5.67"
"289",-0.015346121234912,0.0078439552390158,"./pheno_1000_2yr_nDH25_varE5.67_Ne600_Mean_g.csv","pheno_1000_2yr_nDH25_varE5.67_Ne600_Mean_g","pheno",1000,"2yr",2,"nDH25","Ne600","varE5.67"
"290",0.509300216700247,0.00613285774376624,"./pheno_1000_2yr_nDH25_varE5.67_Ne600_Mean_g.csv","pheno_1000_2yr_nDH25_varE5.67_Ne600_Mean_g","pheno",1000,"2yr",3,"nDH25","Ne600","varE5.67"
"291",0.565576549583074,0.109844294961571,"./pheno_1000_2yr_nDH25_varE5.67_Ne600_Mean_g.csv","pheno_1000_2yr_nDH25_varE5.67_Ne600_Mean_g","pheno",1000,"2yr",4,"nDH25","Ne600","varE5.67"
"292",1.10491724527294,0.105996588298552,"./pheno_1000_2yr_nDH25_varE5.67_Ne600_Mean_g.csv","pheno_1000_2yr_nDH25_varE5.67_Ne600_Mean_g","pheno",1000,"2yr",5,"nDH25","Ne600","varE5.67"
"293",1.00741227237,0.295790596163233,"./pheno_1000_2yr_nDH25_varE5.67_Ne600_Mean_g.csv","pheno_1000_2yr_nDH25_varE5.67_Ne600_Mean_g","pheno",1000,"2yr",6,"nDH25","Ne600","varE5.67"
"294",1.66757005670171,0.230092954160366,"./pheno_1000_2yr_nDH25_varE5.67_Ne600_Mean_g.csv","pheno_1000_2yr_nDH25_varE5.67_Ne600_Mean_g","pheno",1000,"2yr",7,"nDH25","Ne600","varE5.67"
"295",0.00317101331546849,0.0434759277789695,"./pheno_400_1yr_nDH25_varE5.67_Ne600_Mean_g.csv","pheno_400_1yr_nDH25_varE5.67_Ne600_Mean_g","pheno",400,"1yr",1,"nDH25","Ne600","varE5.67"
"296",0.000823112796453441,0.0451205993569993,"./pheno_400_1yr_nDH25_varE5.67_Ne600_Mean_g.csv","pheno_400_1yr_nDH25_varE5.67_Ne600_Mean_g","pheno",400,"1yr",2,"nDH25","Ne600","varE5.67"
"297",0.534612878906612,0.165761636137434,"./pheno_400_1yr_nDH25_varE5.67_Ne600_Mean_g.csv","pheno_400_1yr_nDH25_varE5.67_Ne600_Mean_g","pheno",400,"1yr",3,"nDH25","Ne600","varE5.67"
"298",1.14670281473538,0.25248965907129,"./pheno_400_1yr_nDH25_varE5.67_Ne600_Mean_g.csv","pheno_400_1yr_nDH25_varE5.67_Ne600_Mean_g","pheno",400,"1yr",4,"nDH25","Ne600","varE5.67"
"299",1.71729241268601,0.362380815638015,"./pheno_400_1yr_nDH25_varE5.67_Ne600_Mean_g.csv","pheno_400_1yr_nDH25_varE5.67_Ne600_Mean_g","pheno",400,"1yr",5,"nDH25","Ne600","varE5.67"
"300",2.23471070654301,0.451184537000023,"./pheno_400_1yr_nDH25_varE5.67_Ne600_Mean_g.csv","pheno_400_1yr_nDH25_varE5.67_Ne600_Mean_g","pheno",400,"1yr",6,"nDH25","Ne600","varE5.67"
"301",2.74802293382766,0.516042451408816,"./pheno_400_1yr_nDH25_varE5.67_Ne600_Mean_g.csv","pheno_400_1yr_nDH25_varE5.67_Ne600_Mean_g","pheno",400,"1yr",7,"nDH25","Ne600","varE5.67"
"302",-0.0427272358227819,0.0461693959893373,"./pheno_400_2yr_nDH25_varE5.67_Ne600_Mean_g.csv","pheno_400_2yr_nDH25_varE5.67_Ne600_Mean_g","pheno",400,"2yr",1,"nDH25","Ne600","varE5.67"
"303",0.0231076006302743,0.0678145045394904,"./pheno_400_2yr_nDH25_varE5.67_Ne600_Mean_g.csv","pheno_400_2yr_nDH25_varE5.67_Ne600_Mean_g","pheno",400,"2yr",2,"nDH25","Ne600","varE5.67"
"304",0.570455647432253,0.182026375460078,"./pheno_400_2yr_nDH25_varE5.67_Ne600_Mean_g.csv","pheno_400_2yr_nDH25_varE5.67_Ne600_Mean_g","pheno",400,"2yr",3,"nDH25","Ne600","varE5.67"
"305",0.620910014398203,0.140955591985732,"./pheno_400_2yr_nDH25_varE5.67_Ne600_Mean_g.csv","pheno_400_2yr_nDH25_varE5.67_Ne600_Mean_g","pheno",400,"2yr",4,"nDH25","Ne600","varE5.67"
"306",1.20154392826013,0.102924204245667,"./pheno_400_2yr_nDH25_varE5.67_Ne600_Mean_g.csv","pheno_400_2yr_nDH25_varE5.67_Ne600_Mean_g","pheno",400,"2yr",5,"nDH25","Ne600","varE5.67"
"307",1.38023448887146,0.0466497841487432,"./pheno_400_2yr_nDH25_varE5.67_Ne600_Mean_g.csv","pheno_400_2yr_nDH25_varE5.67_Ne600_Mean_g","pheno",400,"2yr",6,"nDH25","Ne600","varE5.67"
"308",1.66348915741745,0.254828095963151,"./pheno_400_2yr_nDH25_varE5.67_Ne600_Mean_g.csv","pheno_400_2yr_nDH25_varE5.67_Ne600_Mean_g","pheno",400,"2yr",7,"nDH25","Ne600","varE5.67"
"309",-0.00290579006320622,0.0248814476503565,"./rand_1000_1yr_nDH25_varE5.67_Ne600_Mean_g.csv","rand_1000_1yr_nDH25_varE5.67_Ne600_Mean_g","rand",1000,"1yr",1,"nDH25","Ne600","varE5.67"
"310",0.00194408257971007,0.0236143368041503,"./rand_1000_1yr_nDH25_varE5.67_Ne600_Mean_g.csv","rand_1000_1yr_nDH25_varE5.67_Ne600_Mean_g","rand",1000,"1yr",2,"nDH25","Ne600","varE5.67"
"311",0.303220549806586,0.101177570505496,"./rand_1000_1yr_nDH25_varE5.67_Ne600_Mean_g.csv","rand_1000_1yr_nDH25_varE5.67_Ne600_Mean_g","rand",1000,"1yr",3,"nDH25","Ne600","varE5.67"
"312",0.65233621837929,0.164110158117363,"./rand_1000_1yr_nDH25_varE5.67_Ne600_Mean_g.csv","rand_1000_1yr_nDH25_varE5.67_Ne600_Mean_g","rand",1000,"1yr",4,"nDH25","Ne600","varE5.67"
"313",0.991277068201351,0.19135335481567,"./rand_1000_1yr_nDH25_varE5.67_Ne600_Mean_g.csv","rand_1000_1yr_nDH25_varE5.67_Ne600_Mean_g","rand",1000,"1yr",5,"nDH25","Ne600","varE5.67"
"314",1.31413400464431,0.230745549384121,"./rand_1000_1yr_nDH25_varE5.67_Ne600_Mean_g.csv","rand_1000_1yr_nDH25_varE5.67_Ne600_Mean_g","rand",1000,"1yr",6,"nDH25","Ne600","varE5.67"
"315",1.67219541426742,0.270277896291172,"./rand_1000_1yr_nDH25_varE5.67_Ne600_Mean_g.csv","rand_1000_1yr_nDH25_varE5.67_Ne600_Mean_g","rand",1000,"1yr",7,"nDH25","Ne600","varE5.67"
"316",-0.000397590063484095,0.00664783254360072,"./rand_1000_2yr_nDH25_varE5.67_Ne600_Mean_g.csv","rand_1000_2yr_nDH25_varE5.67_Ne600_Mean_g","rand",1000,"2yr",1,"nDH25","Ne600","varE5.67"
"317",0.00925531836048032,0.00129047483392249,"./rand_1000_2yr_nDH25_varE5.67_Ne600_Mean_g.csv","rand_1000_2yr_nDH25_varE5.67_Ne600_Mean_g","rand",1000,"2yr",2,"nDH25","Ne600","varE5.67"
"318",0.184486572598666,0.0123711076464294,"./rand_1000_2yr_nDH25_varE5.67_Ne600_Mean_g.csv","rand_1000_2yr_nDH25_varE5.67_Ne600_Mean_g","rand",1000,"2yr",3,"nDH25","Ne600","varE5.67"
"319",0.347007962663717,0.128298117697135,"./rand_1000_2yr_nDH25_varE5.67_Ne600_Mean_g.csv","rand_1000_2yr_nDH25_varE5.67_Ne600_Mean_g","rand",1000,"2yr",4,"nDH25","Ne600","varE5.67"
"320",0.625158714878929,0.0787642563984211,"./rand_1000_2yr_nDH25_varE5.67_Ne600_Mean_g.csv","rand_1000_2yr_nDH25_varE5.67_Ne600_Mean_g","rand",1000,"2yr",5,"nDH25","Ne600","varE5.67"
"321",0.619479103339121,0.0679700710860915,"./rand_1000_2yr_nDH25_varE5.67_Ne600_Mean_g.csv","rand_1000_2yr_nDH25_varE5.67_Ne600_Mean_g","rand",1000,"2yr",6,"nDH25","Ne600","varE5.67"
"322",0.924562994453906,0.177693825927848,"./rand_1000_2yr_nDH25_varE5.67_Ne600_Mean_g.csv","rand_1000_2yr_nDH25_varE5.67_Ne600_Mean_g","rand",1000,"2yr",7,"nDH25","Ne600","varE5.67"
"323",-0.0100715971940843,0.0467921012178408,"./rand_400_1yr_nDH25_varE5.67_Ne600_Mean_g.csv","rand_400_1yr_nDH25_varE5.67_Ne600_Mean_g","rand",400,"1yr",1,"nDH25","Ne600","varE5.67"
"324",-0.00431183045516821,0.0466004115012826,"./rand_400_1yr_nDH25_varE5.67_Ne600_Mean_g.csv","rand_400_1yr_nDH25_varE5.67_Ne600_Mean_g","rand",400,"1yr",2,"nDH25","Ne600","varE5.67"
"325",0.260915891189202,0.165696868206362,"./rand_400_1yr_nDH25_varE5.67_Ne600_Mean_g.csv","rand_400_1yr_nDH25_varE5.67_Ne600_Mean_g","rand",400,"1yr",3,"nDH25","Ne600","varE5.67"
"326",0.595079581586494,0.240052304699292,"./rand_400_1yr_nDH25_varE5.67_Ne600_Mean_g.csv","rand_400_1yr_nDH25_varE5.67_Ne600_Mean_g","rand",400,"1yr",4,"nDH25","Ne600","varE5.67"
"327",0.91254410833631,0.308235607291977,"./rand_400_1yr_nDH25_varE5.67_Ne600_Mean_g.csv","rand_400_1yr_nDH25_varE5.67_Ne600_Mean_g","rand",400,"1yr",5,"nDH25","Ne600","varE5.67"
"328",1.25171988191545,0.378080687066209,"./rand_400_1yr_nDH25_varE5.67_Ne600_Mean_g.csv","rand_400_1yr_nDH25_varE5.67_Ne600_Mean_g","rand",400,"1yr",6,"nDH25","Ne600","varE5.67"
"329",1.59142231249611,0.421076347872864,"./rand_400_1yr_nDH25_varE5.67_Ne600_Mean_g.csv","rand_400_1yr_nDH25_varE5.67_Ne600_Mean_g","rand",400,"1yr",7,"nDH25","Ne600","varE5.67"
"330",0.0177798234982386,0.0298202783241964,"./rand_400_2yr_nDH25_varE5.67_Ne600_Mean_g.csv","rand_400_2yr_nDH25_varE5.67_Ne600_Mean_g","rand",400,"2yr",1,"nDH25","Ne600","varE5.67"
"331",-0.0151128731751121,0.00627524987404698,"./rand_400_2yr_nDH25_varE5.67_Ne600_Mean_g.csv","rand_400_2yr_nDH25_varE5.67_Ne600_Mean_g","rand",400,"2yr",2,"nDH25","Ne600","varE5.67"
"332",0.409836809497191,0.183962952085108,"./rand_400_2yr_nDH25_varE5.67_Ne600_Mean_g.csv","rand_400_2yr_nDH25_varE5.67_Ne600_Mean_g","rand",400,"2yr",3,"nDH25","Ne600","varE5.67"
"333",0.322413580681467,0.0266778193312204,"./rand_400_2yr_nDH25_varE5.67_Ne600_Mean_g.csv","rand_400_2yr_nDH25_varE5.67_Ne600_Mean_g","rand",400,"2yr",4,"nDH25","Ne600","varE5.67"
"334",0.757716430713311,0.313975229541918,"./rand_400_2yr_nDH25_varE5.67_Ne600_Mean_g.csv","rand_400_2yr_nDH25_varE5.67_Ne600_Mean_g","rand",400,"2yr",5,"nDH25","Ne600","varE5.67"
"335",0.720601860667819,0.309310240186313,"./rand_400_2yr_nDH25_varE5.67_Ne600_Mean_g.csv","rand_400_2yr_nDH25_varE5.67_Ne600_Mean_g","rand",400,"2yr",6,"nDH25","Ne600","varE5.67"
"336",1.14237524228448,0.227676816873838,"./rand_400_2yr_nDH25_varE5.67_Ne600_Mean_g.csv","rand_400_2yr_nDH25_varE5.67_Ne600_Mean_g","rand",400,"2yr",7,"nDH25","Ne600","varE5.67"
