"","Mean","StdErr","Selection","Shorten","SelectSP","TestSP","Year","Cycles","nDH","Ne","varE"
"1",0.704112663291231,0.00670287373330497,"./pheno_1000_1yr_nDH96_varE1_Ne60_Mean_GP.csv","pheno_1000_1yr_nDH96_varE1_Ne60_Mean_GP","pheno",1000,"1yr",1,"nDH96","Ne60","varE1"
"2",0.723547439975203,0.00684137914995088,"./pheno_1000_1yr_nDH96_varE1_Ne60_Mean_GP.csv","pheno_1000_1yr_nDH96_varE1_Ne60_Mean_GP","pheno",1000,"1yr",2,"nDH96","Ne60","varE1"
"3",2.16312957102835,0.0148686726031831,"./pheno_1000_1yr_nDH96_varE1_Ne60_Mean_GP.csv","pheno_1000_1yr_nDH96_varE1_Ne60_Mean_GP","pheno",1000,"1yr",3,"nDH96","Ne60","varE1"
"4",3.45731960767798,0.0235235726669421,"./pheno_1000_1yr_nDH96_varE1_Ne60_Mean_GP.csv","pheno_1000_1yr_nDH96_varE1_Ne60_Mean_GP","pheno",1000,"1yr",4,"nDH96","Ne60","varE1"
"5",4.68672300791617,0.027241103397991,"./pheno_1000_1yr_nDH96_varE1_Ne60_Mean_GP.csv","pheno_1000_1yr_nDH96_varE1_Ne60_Mean_GP","pheno",1000,"1yr",5,"nDH96","Ne60","varE1"
"6",5.841228095301,0.0305147489156106,"./pheno_1000_1yr_nDH96_varE1_Ne60_Mean_GP.csv","pheno_1000_1yr_nDH96_varE1_Ne60_Mean_GP","pheno",1000,"1yr",6,"nDH96","Ne60","varE1"
"7",6.94460837840761,0.0340033383858007,"./pheno_1000_1yr_nDH96_varE1_Ne60_Mean_GP.csv","pheno_1000_1yr_nDH96_varE1_Ne60_Mean_GP","pheno",1000,"1yr",7,"nDH96","Ne60","varE1"
"8",0.716393043263102,0.00576111132300133,"./pheno_1000_2yr_nDH96_varE1_Ne60_Mean_GP.csv","pheno_1000_2yr_nDH96_varE1_Ne60_Mean_GP","pheno",1000,"2yr",1,"nDH96","Ne60","varE1"
"9",0.712312412236292,0.00709499236847431,"./pheno_1000_2yr_nDH96_varE1_Ne60_Mean_GP.csv","pheno_1000_2yr_nDH96_varE1_Ne60_Mean_GP","pheno",1000,"2yr",2,"nDH96","Ne60","varE1"
"10",2.16793600001688,0.0134575934812218,"./pheno_1000_2yr_nDH96_varE1_Ne60_Mean_GP.csv","pheno_1000_2yr_nDH96_varE1_Ne60_Mean_GP","pheno",1000,"2yr",3,"nDH96","Ne60","varE1"
"11",2.20633862068729,0.0157407092774445,"./pheno_1000_2yr_nDH96_varE1_Ne60_Mean_GP.csv","pheno_1000_2yr_nDH96_varE1_Ne60_Mean_GP","pheno",1000,"2yr",4,"nDH96","Ne60","varE1"
"12",3.49628642227031,0.0216284637720809,"./pheno_1000_2yr_nDH96_varE1_Ne60_Mean_GP.csv","pheno_1000_2yr_nDH96_varE1_Ne60_Mean_GP","pheno",1000,"2yr",5,"nDH96","Ne60","varE1"
"13",3.53601993894562,0.0240472806546272,"./pheno_1000_2yr_nDH96_varE1_Ne60_Mean_GP.csv","pheno_1000_2yr_nDH96_varE1_Ne60_Mean_GP","pheno",1000,"2yr",6,"nDH96","Ne60","varE1"
"14",4.75790213124672,0.0270704204335884,"./pheno_1000_2yr_nDH96_varE1_Ne60_Mean_GP.csv","pheno_1000_2yr_nDH96_varE1_Ne60_Mean_GP","pheno",1000,"2yr",7,"nDH96","Ne60","varE1"
"15",0.712578379842937,0.0109942227366063,"./pheno_400_1yr_nDH96_varE1_Ne60_Mean_GP.csv","pheno_400_1yr_nDH96_varE1_Ne60_Mean_GP","pheno",400,"1yr",1,"nDH96","Ne60","varE1"
"16",0.723815944961826,0.0107103243920284,"./pheno_400_1yr_nDH96_varE1_Ne60_Mean_GP.csv","pheno_400_1yr_nDH96_varE1_Ne60_Mean_GP","pheno",400,"1yr",2,"nDH96","Ne60","varE1"
"17",1.99675296638181,0.0241425978863996,"./pheno_400_1yr_nDH96_varE1_Ne60_Mean_GP.csv","pheno_400_1yr_nDH96_varE1_Ne60_Mean_GP","pheno",400,"1yr",3,"nDH96","Ne60","varE1"
"18",3.14635183850848,0.0322606313150051,"./pheno_400_1yr_nDH96_varE1_Ne60_Mean_GP.csv","pheno_400_1yr_nDH96_varE1_Ne60_Mean_GP","pheno",400,"1yr",4,"nDH96","Ne60","varE1"
"19",4.19084055891788,0.0346089836195301,"./pheno_400_1yr_nDH96_varE1_Ne60_Mean_GP.csv","pheno_400_1yr_nDH96_varE1_Ne60_Mean_GP","pheno",400,"1yr",5,"nDH96","Ne60","varE1"
"20",5.19624885842558,0.0367745604566619,"./pheno_400_1yr_nDH96_varE1_Ne60_Mean_GP.csv","pheno_400_1yr_nDH96_varE1_Ne60_Mean_GP","pheno",400,"1yr",6,"nDH96","Ne60","varE1"
"21",6.14094579219056,0.0411680641464048,"./pheno_400_1yr_nDH96_varE1_Ne60_Mean_GP.csv","pheno_400_1yr_nDH96_varE1_Ne60_Mean_GP","pheno",400,"1yr",7,"nDH96","Ne60","varE1"
"22",0.717239366043489,0.0102564069832432,"./pheno_400_2yr_nDH96_varE1_Ne60_Mean_GP.csv","pheno_400_2yr_nDH96_varE1_Ne60_Mean_GP","pheno",400,"2yr",1,"nDH96","Ne60","varE1"
"23",0.692149106887752,0.0103222444699221,"./pheno_400_2yr_nDH96_varE1_Ne60_Mean_GP.csv","pheno_400_2yr_nDH96_varE1_Ne60_Mean_GP","pheno",400,"2yr",2,"nDH96","Ne60","varE1"
"24",1.9841894119436,0.0244346572115156,"./pheno_400_2yr_nDH96_varE1_Ne60_Mean_GP.csv","pheno_400_2yr_nDH96_varE1_Ne60_Mean_GP","pheno",400,"2yr",3,"nDH96","Ne60","varE1"
"25",2.0628138003393,0.0237383083325082,"./pheno_400_2yr_nDH96_varE1_Ne60_Mean_GP.csv","pheno_400_2yr_nDH96_varE1_Ne60_Mean_GP","pheno",400,"2yr",4,"nDH96","Ne60","varE1"
"26",3.13887849282013,0.034823560728195,"./pheno_400_2yr_nDH96_varE1_Ne60_Mean_GP.csv","pheno_400_2yr_nDH96_varE1_Ne60_Mean_GP","pheno",400,"2yr",5,"nDH96","Ne60","varE1"
"27",3.24599180219737,0.0313056145535574,"./pheno_400_2yr_nDH96_varE1_Ne60_Mean_GP.csv","pheno_400_2yr_nDH96_varE1_Ne60_Mean_GP","pheno",400,"2yr",6,"nDH96","Ne60","varE1"
"28",4.23146485871871,0.0371340017714384,"./pheno_400_2yr_nDH96_varE1_Ne60_Mean_GP.csv","pheno_400_2yr_nDH96_varE1_Ne60_Mean_GP","pheno",400,"2yr",7,"nDH96","Ne60","varE1"
"29",0.000763366160526516,0.00654158456713682,"./rand_1000_1yr_nDH96_varE1_Ne60_Mean_GP.csv","rand_1000_1yr_nDH96_varE1_Ne60_Mean_GP","rand",1000,"1yr",1,"nDH96","Ne60","varE1"
"30",-0.00154806766102481,0.00687446105638485,"./rand_1000_1yr_nDH96_varE1_Ne60_Mean_GP.csv","rand_1000_1yr_nDH96_varE1_Ne60_Mean_GP","rand",1000,"1yr",2,"nDH96","Ne60","varE1"
"31",1.15021107439513,0.0129488670952985,"./rand_1000_1yr_nDH96_varE1_Ne60_Mean_GP.csv","rand_1000_1yr_nDH96_varE1_Ne60_Mean_GP","rand",1000,"1yr",3,"nDH96","Ne60","varE1"
"32",2.13134737483419,0.0188909050769586,"./rand_1000_1yr_nDH96_varE1_Ne60_Mean_GP.csv","rand_1000_1yr_nDH96_varE1_Ne60_Mean_GP","rand",1000,"1yr",4,"nDH96","Ne60","varE1"
"33",3.0737403593392,0.0231421074463116,"./rand_1000_1yr_nDH96_varE1_Ne60_Mean_GP.csv","rand_1000_1yr_nDH96_varE1_Ne60_Mean_GP","rand",1000,"1yr",5,"nDH96","Ne60","varE1"
"34",3.99462546698054,0.02637283954755,"./rand_1000_1yr_nDH96_varE1_Ne60_Mean_GP.csv","rand_1000_1yr_nDH96_varE1_Ne60_Mean_GP","rand",1000,"1yr",6,"nDH96","Ne60","varE1"
"35",4.90489082208862,0.0288895828900744,"./rand_1000_1yr_nDH96_varE1_Ne60_Mean_GP.csv","rand_1000_1yr_nDH96_varE1_Ne60_Mean_GP","rand",1000,"1yr",7,"nDH96","Ne60","varE1"
"36",-0.0136356395265721,0.00731556501197596,"./rand_1000_2yr_nDH96_varE1_Ne60_Mean_GP.csv","rand_1000_2yr_nDH96_varE1_Ne60_Mean_GP","rand",1000,"2yr",1,"nDH96","Ne60","varE1"
"37",0.0050955901745985,0.00740537126378337,"./rand_1000_2yr_nDH96_varE1_Ne60_Mean_GP.csv","rand_1000_2yr_nDH96_varE1_Ne60_Mean_GP","rand",1000,"2yr",2,"nDH96","Ne60","varE1"
"38",1.13617259706926,0.0140297003358609,"./rand_1000_2yr_nDH96_varE1_Ne60_Mean_GP.csv","rand_1000_2yr_nDH96_varE1_Ne60_Mean_GP","rand",1000,"2yr",3,"nDH96","Ne60","varE1"
"39",1.19960390805,0.0140037571777935,"./rand_1000_2yr_nDH96_varE1_Ne60_Mean_GP.csv","rand_1000_2yr_nDH96_varE1_Ne60_Mean_GP","rand",1000,"2yr",4,"nDH96","Ne60","varE1"
"40",2.1696090832895,0.0208987911757826,"./rand_1000_2yr_nDH96_varE1_Ne60_Mean_GP.csv","rand_1000_2yr_nDH96_varE1_Ne60_Mean_GP","rand",1000,"2yr",5,"nDH96","Ne60","varE1"
"41",2.25370543405854,0.0210898040747511,"./rand_1000_2yr_nDH96_varE1_Ne60_Mean_GP.csv","rand_1000_2yr_nDH96_varE1_Ne60_Mean_GP","rand",1000,"2yr",6,"nDH96","Ne60","varE1"
"42",3.15953088033298,0.0251864915911698,"./rand_1000_2yr_nDH96_varE1_Ne60_Mean_GP.csv","rand_1000_2yr_nDH96_varE1_Ne60_Mean_GP","rand",1000,"2yr",7,"nDH96","Ne60","varE1"
"43",0.00180775310004495,0.0105521166274844,"./rand_400_1yr_nDH96_varE1_Ne60_Mean_GP.csv","rand_400_1yr_nDH96_varE1_Ne60_Mean_GP","rand",400,"1yr",1,"nDH96","Ne60","varE1"
"44",-0.00654241413815994,0.0101321112504688,"./rand_400_1yr_nDH96_varE1_Ne60_Mean_GP.csv","rand_400_1yr_nDH96_varE1_Ne60_Mean_GP","rand",400,"1yr",2,"nDH96","Ne60","varE1"
"45",1.00156218323255,0.0241604384771858,"./rand_400_1yr_nDH96_varE1_Ne60_Mean_GP.csv","rand_400_1yr_nDH96_varE1_Ne60_Mean_GP","rand",400,"1yr",3,"nDH96","Ne60","varE1"
"46",1.8881528059007,0.0377426270704989,"./rand_400_1yr_nDH96_varE1_Ne60_Mean_GP.csv","rand_400_1yr_nDH96_varE1_Ne60_Mean_GP","rand",400,"1yr",4,"nDH96","Ne60","varE1"
"47",2.72812195594962,0.0416287463911508,"./rand_400_1yr_nDH96_varE1_Ne60_Mean_GP.csv","rand_400_1yr_nDH96_varE1_Ne60_Mean_GP","rand",400,"1yr",5,"nDH96","Ne60","varE1"
"48",3.51268118315969,0.044589935383263,"./rand_400_1yr_nDH96_varE1_Ne60_Mean_GP.csv","rand_400_1yr_nDH96_varE1_Ne60_Mean_GP","rand",400,"1yr",6,"nDH96","Ne60","varE1"
"49",4.28178707777047,0.0453196702179625,"./rand_400_1yr_nDH96_varE1_Ne60_Mean_GP.csv","rand_400_1yr_nDH96_varE1_Ne60_Mean_GP","rand",400,"1yr",7,"nDH96","Ne60","varE1"
"50",-0.00768041901953787,0.0125796665302411,"./rand_400_2yr_nDH96_varE1_Ne60_Mean_GP.csv","rand_400_2yr_nDH96_varE1_Ne60_Mean_GP","rand",400,"2yr",1,"nDH96","Ne60","varE1"
"51",-0.00199421549282719,0.0117416195346438,"./rand_400_2yr_nDH96_varE1_Ne60_Mean_GP.csv","rand_400_2yr_nDH96_varE1_Ne60_Mean_GP","rand",400,"2yr",2,"nDH96","Ne60","varE1"
"52",0.999607131842708,0.0242164867237968,"./rand_400_2yr_nDH96_varE1_Ne60_Mean_GP.csv","rand_400_2yr_nDH96_varE1_Ne60_Mean_GP","rand",400,"2yr",3,"nDH96","Ne60","varE1"
"53",1.03308459255369,0.0229219311988509,"./rand_400_2yr_nDH96_varE1_Ne60_Mean_GP.csv","rand_400_2yr_nDH96_varE1_Ne60_Mean_GP","rand",400,"2yr",4,"nDH96","Ne60","varE1"
"54",1.94623029343346,0.0336004540310387,"./rand_400_2yr_nDH96_varE1_Ne60_Mean_GP.csv","rand_400_2yr_nDH96_varE1_Ne60_Mean_GP","rand",400,"2yr",5,"nDH96","Ne60","varE1"
"55",1.97014329764541,0.0305478660002446,"./rand_400_2yr_nDH96_varE1_Ne60_Mean_GP.csv","rand_400_2yr_nDH96_varE1_Ne60_Mean_GP","rand",400,"2yr",6,"nDH96","Ne60","varE1"
"56",2.80259136312327,0.0362393036313798,"./rand_400_2yr_nDH96_varE1_Ne60_Mean_GP.csv","rand_400_2yr_nDH96_varE1_Ne60_Mean_GP","rand",400,"2yr",7,"nDH96","Ne60","varE1"
"57",0.721823236762355,0.00691530056634929,"./pheno_1000_1yr_nDH96_varE1_Ne600_Mean_GP.csv","pheno_1000_1yr_nDH96_varE1_Ne600_Mean_GP","pheno",1000,"1yr",1,"nDH96","Ne600","varE1"
"58",0.718062475545681,0.0060594257971904,"./pheno_1000_1yr_nDH96_varE1_Ne600_Mean_GP.csv","pheno_1000_1yr_nDH96_varE1_Ne600_Mean_GP","pheno",1000,"1yr",2,"nDH96","Ne600","varE1"
"59",1.93624454438322,0.0174865691230076,"./pheno_1000_1yr_nDH96_varE1_Ne600_Mean_GP.csv","pheno_1000_1yr_nDH96_varE1_Ne600_Mean_GP","pheno",1000,"1yr",3,"nDH96","Ne600","varE1"
"60",3.02365599632946,0.0235802944327514,"./pheno_1000_1yr_nDH96_varE1_Ne600_Mean_GP.csv","pheno_1000_1yr_nDH96_varE1_Ne600_Mean_GP","pheno",1000,"1yr",4,"nDH96","Ne600","varE1"
"61",4.08903145472023,0.0284768877128557,"./pheno_1000_1yr_nDH96_varE1_Ne600_Mean_GP.csv","pheno_1000_1yr_nDH96_varE1_Ne600_Mean_GP","pheno",1000,"1yr",5,"nDH96","Ne600","varE1"
"62",5.11134796055156,0.0325652870897044,"./pheno_1000_1yr_nDH96_varE1_Ne600_Mean_GP.csv","pheno_1000_1yr_nDH96_varE1_Ne600_Mean_GP","pheno",1000,"1yr",6,"nDH96","Ne600","varE1"
"63",6.13566549840587,0.0380604302132928,"./pheno_1000_1yr_nDH96_varE1_Ne600_Mean_GP.csv","pheno_1000_1yr_nDH96_varE1_Ne600_Mean_GP","pheno",1000,"1yr",7,"nDH96","Ne600","varE1"
"64",0.719407447686306,0.00664791919392263,"./pheno_1000_2yr_nDH96_varE1_Ne600_Mean_GP.csv","pheno_1000_2yr_nDH96_varE1_Ne600_Mean_GP","pheno",1000,"2yr",1,"nDH96","Ne600","varE1"
"65",0.721768159545156,0.00604424599111737,"./pheno_1000_2yr_nDH96_varE1_Ne600_Mean_GP.csv","pheno_1000_2yr_nDH96_varE1_Ne600_Mean_GP","pheno",1000,"2yr",2,"nDH96","Ne600","varE1"
"66",1.91960347100035,0.016253543529621,"./pheno_1000_2yr_nDH96_varE1_Ne600_Mean_GP.csv","pheno_1000_2yr_nDH96_varE1_Ne600_Mean_GP","pheno",1000,"2yr",3,"nDH96","Ne600","varE1"
"67",1.98336900221178,0.0184074963975654,"./pheno_1000_2yr_nDH96_varE1_Ne600_Mean_GP.csv","pheno_1000_2yr_nDH96_varE1_Ne600_Mean_GP","pheno",1000,"2yr",4,"nDH96","Ne600","varE1"
"68",3.04252247201019,0.0250953423462428,"./pheno_1000_2yr_nDH96_varE1_Ne600_Mean_GP.csv","pheno_1000_2yr_nDH96_varE1_Ne600_Mean_GP","pheno",1000,"2yr",5,"nDH96","Ne600","varE1"
"69",3.11581704428881,0.0279426420051218,"./pheno_1000_2yr_nDH96_varE1_Ne600_Mean_GP.csv","pheno_1000_2yr_nDH96_varE1_Ne600_Mean_GP","pheno",1000,"2yr",6,"nDH96","Ne600","varE1"
"70",4.11209719105486,0.0316534765246065,"./pheno_1000_2yr_nDH96_varE1_Ne600_Mean_GP.csv","pheno_1000_2yr_nDH96_varE1_Ne600_Mean_GP","pheno",1000,"2yr",7,"nDH96","Ne600","varE1"
"71",0.703492282760569,0.00944784283684723,"./pheno_400_1yr_nDH96_varE1_Ne600_Mean_GP.csv","pheno_400_1yr_nDH96_varE1_Ne600_Mean_GP","pheno",400,"1yr",1,"nDH96","Ne600","varE1"
"72",0.699771114664852,0.010407670411567,"./pheno_400_1yr_nDH96_varE1_Ne600_Mean_GP.csv","pheno_400_1yr_nDH96_varE1_Ne600_Mean_GP","pheno",400,"1yr",2,"nDH96","Ne600","varE1"
"73",1.7977375390505,0.0259007750336702,"./pheno_400_1yr_nDH96_varE1_Ne600_Mean_GP.csv","pheno_400_1yr_nDH96_varE1_Ne600_Mean_GP","pheno",400,"1yr",3,"nDH96","Ne600","varE1"
"74",2.82628307363602,0.0360652373105353,"./pheno_400_1yr_nDH96_varE1_Ne600_Mean_GP.csv","pheno_400_1yr_nDH96_varE1_Ne600_Mean_GP","pheno",400,"1yr",4,"nDH96","Ne600","varE1"
"75",3.76378712559776,0.0385279500575181,"./pheno_400_1yr_nDH96_varE1_Ne600_Mean_GP.csv","pheno_400_1yr_nDH96_varE1_Ne600_Mean_GP","pheno",400,"1yr",5,"nDH96","Ne600","varE1"
"76",4.6388638715457,0.0425193271089815,"./pheno_400_1yr_nDH96_varE1_Ne600_Mean_GP.csv","pheno_400_1yr_nDH96_varE1_Ne600_Mean_GP","pheno",400,"1yr",6,"nDH96","Ne600","varE1"
"77",5.47041244213775,0.0486279837848247,"./pheno_400_1yr_nDH96_varE1_Ne600_Mean_GP.csv","pheno_400_1yr_nDH96_varE1_Ne600_Mean_GP","pheno",400,"1yr",7,"nDH96","Ne600","varE1"
"78",0.72077143523424,0.0100077730922643,"./pheno_400_2yr_nDH96_varE1_Ne600_Mean_GP.csv","pheno_400_2yr_nDH96_varE1_Ne600_Mean_GP","pheno",400,"2yr",1,"nDH96","Ne600","varE1"
"79",0.711956533303184,0.0107303266390907,"./pheno_400_2yr_nDH96_varE1_Ne600_Mean_GP.csv","pheno_400_2yr_nDH96_varE1_Ne600_Mean_GP","pheno",400,"2yr",2,"nDH96","Ne600","varE1"
"80",1.85119340143706,0.0263567218346924,"./pheno_400_2yr_nDH96_varE1_Ne600_Mean_GP.csv","pheno_400_2yr_nDH96_varE1_Ne600_Mean_GP","pheno",400,"2yr",3,"nDH96","Ne600","varE1"
"81",1.8496327477194,0.0273302435155715,"./pheno_400_2yr_nDH96_varE1_Ne600_Mean_GP.csv","pheno_400_2yr_nDH96_varE1_Ne600_Mean_GP","pheno",400,"2yr",4,"nDH96","Ne600","varE1"
"82",2.85630852189378,0.0361929932490809,"./pheno_400_2yr_nDH96_varE1_Ne600_Mean_GP.csv","pheno_400_2yr_nDH96_varE1_Ne600_Mean_GP","pheno",400,"2yr",5,"nDH96","Ne600","varE1"
"83",2.88823427773936,0.0400209597588263,"./pheno_400_2yr_nDH96_varE1_Ne600_Mean_GP.csv","pheno_400_2yr_nDH96_varE1_Ne600_Mean_GP","pheno",400,"2yr",6,"nDH96","Ne600","varE1"
"84",3.75778741977177,0.0412082277947558,"./pheno_400_2yr_nDH96_varE1_Ne600_Mean_GP.csv","pheno_400_2yr_nDH96_varE1_Ne600_Mean_GP","pheno",400,"2yr",7,"nDH96","Ne600","varE1"
"85",0.00793292618953845,0.00588832520388797,"./rand_1000_1yr_nDH96_varE1_Ne600_Mean_GP.csv","rand_1000_1yr_nDH96_varE1_Ne600_Mean_GP","rand",1000,"1yr",1,"nDH96","Ne600","varE1"
"86",0.00900618630873906,0.00623530150395423,"./rand_1000_1yr_nDH96_varE1_Ne600_Mean_GP.csv","rand_1000_1yr_nDH96_varE1_Ne600_Mean_GP","rand",1000,"1yr",2,"nDH96","Ne600","varE1"
"87",0.889056016016898,0.016105841258658,"./rand_1000_1yr_nDH96_varE1_Ne600_Mean_GP.csv","rand_1000_1yr_nDH96_varE1_Ne600_Mean_GP","rand",1000,"1yr",3,"nDH96","Ne600","varE1"
"88",1.68678504645113,0.0275400372417027,"./rand_1000_1yr_nDH96_varE1_Ne600_Mean_GP.csv","rand_1000_1yr_nDH96_varE1_Ne600_Mean_GP","rand",1000,"1yr",4,"nDH96","Ne600","varE1"
"89",2.48091579256634,0.0325976475755542,"./rand_1000_1yr_nDH96_varE1_Ne600_Mean_GP.csv","rand_1000_1yr_nDH96_varE1_Ne600_Mean_GP","rand",1000,"1yr",5,"nDH96","Ne600","varE1"
"90",3.27504920268836,0.0336697526391292,"./rand_1000_1yr_nDH96_varE1_Ne600_Mean_GP.csv","rand_1000_1yr_nDH96_varE1_Ne600_Mean_GP","rand",1000,"1yr",6,"nDH96","Ne600","varE1"
"91",4.03082998723734,0.0348328898809828,"./rand_1000_1yr_nDH96_varE1_Ne600_Mean_GP.csv","rand_1000_1yr_nDH96_varE1_Ne600_Mean_GP","rand",1000,"1yr",7,"nDH96","Ne600","varE1"
"92",0.00484936469629773,0.00713721086362412,"./rand_1000_2yr_nDH96_varE1_Ne600_Mean_GP.csv","rand_1000_2yr_nDH96_varE1_Ne600_Mean_GP","rand",1000,"2yr",1,"nDH96","Ne600","varE1"
"93",-0.00552432410701415,0.00641931098300977,"./rand_1000_2yr_nDH96_varE1_Ne600_Mean_GP.csv","rand_1000_2yr_nDH96_varE1_Ne600_Mean_GP","rand",1000,"2yr",2,"nDH96","Ne600","varE1"
"94",0.902819573131665,0.0169503005385896,"./rand_1000_2yr_nDH96_varE1_Ne600_Mean_GP.csv","rand_1000_2yr_nDH96_varE1_Ne600_Mean_GP","rand",1000,"2yr",3,"nDH96","Ne600","varE1"
"95",0.881742041136965,0.0150376326356573,"./rand_1000_2yr_nDH96_varE1_Ne600_Mean_GP.csv","rand_1000_2yr_nDH96_varE1_Ne600_Mean_GP","rand",1000,"2yr",4,"nDH96","Ne600","varE1"
"96",1.72584182510609,0.0255601098966841,"./rand_1000_2yr_nDH96_varE1_Ne600_Mean_GP.csv","rand_1000_2yr_nDH96_varE1_Ne600_Mean_GP","rand",1000,"2yr",5,"nDH96","Ne600","varE1"
"97",1.71108776241029,0.0252617548039558,"./rand_1000_2yr_nDH96_varE1_Ne600_Mean_GP.csv","rand_1000_2yr_nDH96_varE1_Ne600_Mean_GP","rand",1000,"2yr",6,"nDH96","Ne600","varE1"
"98",2.53704289525586,0.0318428135382359,"./rand_1000_2yr_nDH96_varE1_Ne600_Mean_GP.csv","rand_1000_2yr_nDH96_varE1_Ne600_Mean_GP","rand",1000,"2yr",7,"nDH96","Ne600","varE1"
"99",-0.00576749170107559,0.0112208752660582,"./rand_400_1yr_nDH96_varE1_Ne600_Mean_GP.csv","rand_400_1yr_nDH96_varE1_Ne600_Mean_GP","rand",400,"1yr",1,"nDH96","Ne600","varE1"
"100",-0.00112521080126446,0.0108001241693602,"./rand_400_1yr_nDH96_varE1_Ne600_Mean_GP.csv","rand_400_1yr_nDH96_varE1_Ne600_Mean_GP","rand",400,"1yr",2,"nDH96","Ne600","varE1"
"101",0.784649569789414,0.0274452465626768,"./rand_400_1yr_nDH96_varE1_Ne600_Mean_GP.csv","rand_400_1yr_nDH96_varE1_Ne600_Mean_GP","rand",400,"1yr",3,"nDH96","Ne600","varE1"
"102",1.53880541657193,0.0378849638722112,"./rand_400_1yr_nDH96_varE1_Ne600_Mean_GP.csv","rand_400_1yr_nDH96_varE1_Ne600_Mean_GP","rand",400,"1yr",4,"nDH96","Ne600","varE1"
"103",2.27897768018212,0.0419280843740602,"./rand_400_1yr_nDH96_varE1_Ne600_Mean_GP.csv","rand_400_1yr_nDH96_varE1_Ne600_Mean_GP","rand",400,"1yr",5,"nDH96","Ne600","varE1"
"104",2.99051776196856,0.0445965140565431,"./rand_400_1yr_nDH96_varE1_Ne600_Mean_GP.csv","rand_400_1yr_nDH96_varE1_Ne600_Mean_GP","rand",400,"1yr",6,"nDH96","Ne600","varE1"
"105",3.64795297917913,0.0478051240551322,"./rand_400_1yr_nDH96_varE1_Ne600_Mean_GP.csv","rand_400_1yr_nDH96_varE1_Ne600_Mean_GP","rand",400,"1yr",7,"nDH96","Ne600","varE1"
"106",-0.00145440129478911,0.0114842816230043,"./rand_400_2yr_nDH96_varE1_Ne600_Mean_GP.csv","rand_400_2yr_nDH96_varE1_Ne600_Mean_GP","rand",400,"2yr",1,"nDH96","Ne600","varE1"
"107",-0.000201943449775383,0.0119758183347696,"./rand_400_2yr_nDH96_varE1_Ne600_Mean_GP.csv","rand_400_2yr_nDH96_varE1_Ne600_Mean_GP","rand",400,"2yr",2,"nDH96","Ne600","varE1"
"108",0.796542967687868,0.0235844308680361,"./rand_400_2yr_nDH96_varE1_Ne600_Mean_GP.csv","rand_400_2yr_nDH96_varE1_Ne600_Mean_GP","rand",400,"2yr",3,"nDH96","Ne600","varE1"
"109",0.805144754563436,0.0212575403847389,"./rand_400_2yr_nDH96_varE1_Ne600_Mean_GP.csv","rand_400_2yr_nDH96_varE1_Ne600_Mean_GP","rand",400,"2yr",4,"nDH96","Ne600","varE1"
"110",1.57122001298768,0.0331298389392595,"./rand_400_2yr_nDH96_varE1_Ne600_Mean_GP.csv","rand_400_2yr_nDH96_varE1_Ne600_Mean_GP","rand",400,"2yr",5,"nDH96","Ne600","varE1"
"111",1.55493364767439,0.0337151266665079,"./rand_400_2yr_nDH96_varE1_Ne600_Mean_GP.csv","rand_400_2yr_nDH96_varE1_Ne600_Mean_GP","rand",400,"2yr",6,"nDH96","Ne600","varE1"
"112",2.29389268940746,0.0401386205153674,"./rand_400_2yr_nDH96_varE1_Ne600_Mean_GP.csv","rand_400_2yr_nDH96_varE1_Ne600_Mean_GP","rand",400,"2yr",7,"nDH96","Ne600","varE1"
"113",0.414116522185489,0.00686498238930779,"./pheno_1000_1yr_nDH96_varE4_Ne60_Mean_GP.csv","pheno_1000_1yr_nDH96_varE4_Ne60_Mean_GP","pheno",1000,"1yr",1,"nDH96","Ne60","varE4"
"114",0.408623649372089,0.00706783394486212,"./pheno_1000_1yr_nDH96_varE4_Ne60_Mean_GP.csv","pheno_1000_1yr_nDH96_varE4_Ne60_Mean_GP","pheno",1000,"1yr",2,"nDH96","Ne60","varE4"
"115",1.50416051941636,0.0168176643590002,"./pheno_1000_1yr_nDH96_varE4_Ne60_Mean_GP.csv","pheno_1000_1yr_nDH96_varE4_Ne60_Mean_GP","pheno",1000,"1yr",3,"nDH96","Ne60","varE4"
"116",2.53265729464936,0.025977375265474,"./pheno_1000_1yr_nDH96_varE4_Ne60_Mean_GP.csv","pheno_1000_1yr_nDH96_varE4_Ne60_Mean_GP","pheno",1000,"1yr",4,"nDH96","Ne60","varE4"
"117",3.4692072846035,0.0309817845869943,"./pheno_1000_1yr_nDH96_varE4_Ne60_Mean_GP.csv","pheno_1000_1yr_nDH96_varE4_Ne60_Mean_GP","pheno",1000,"1yr",5,"nDH96","Ne60","varE4"
"118",4.37208395004468,0.0342192724005829,"./pheno_1000_1yr_nDH96_varE4_Ne60_Mean_GP.csv","pheno_1000_1yr_nDH96_varE4_Ne60_Mean_GP","pheno",1000,"1yr",6,"nDH96","Ne60","varE4"
"119",5.25389584330463,0.0362959663373051,"./pheno_1000_1yr_nDH96_varE4_Ne60_Mean_GP.csv","pheno_1000_1yr_nDH96_varE4_Ne60_Mean_GP","pheno",1000,"1yr",7,"nDH96","Ne60","varE4"
"120",0.411269870187781,0.00736060106954175,"./pheno_1000_2yr_nDH96_varE4_Ne60_Mean_GP.csv","pheno_1000_2yr_nDH96_varE4_Ne60_Mean_GP","pheno",1000,"2yr",1,"nDH96","Ne60","varE4"
"121",0.410758661396466,0.00732800973477234,"./pheno_1000_2yr_nDH96_varE4_Ne60_Mean_GP.csv","pheno_1000_2yr_nDH96_varE4_Ne60_Mean_GP","pheno",1000,"2yr",2,"nDH96","Ne60","varE4"
"122",1.52649692121973,0.0193163699455975,"./pheno_1000_2yr_nDH96_varE4_Ne60_Mean_GP.csv","pheno_1000_2yr_nDH96_varE4_Ne60_Mean_GP","pheno",1000,"2yr",3,"nDH96","Ne60","varE4"
"123",1.59012678767305,0.015690890522723,"./pheno_1000_2yr_nDH96_varE4_Ne60_Mean_GP.csv","pheno_1000_2yr_nDH96_varE4_Ne60_Mean_GP","pheno",1000,"2yr",4,"nDH96","Ne60","varE4"
"124",2.58709408457252,0.0332751283549603,"./pheno_1000_2yr_nDH96_varE4_Ne60_Mean_GP.csv","pheno_1000_2yr_nDH96_varE4_Ne60_Mean_GP","pheno",1000,"2yr",5,"nDH96","Ne60","varE4"
"125",2.67079708558571,0.0234314591232139,"./pheno_1000_2yr_nDH96_varE4_Ne60_Mean_GP.csv","pheno_1000_2yr_nDH96_varE4_Ne60_Mean_GP","pheno",1000,"2yr",6,"nDH96","Ne60","varE4"
"126",3.58570123827918,0.0372110680025161,"./pheno_1000_2yr_nDH96_varE4_Ne60_Mean_GP.csv","pheno_1000_2yr_nDH96_varE4_Ne60_Mean_GP","pheno",1000,"2yr",7,"nDH96","Ne60","varE4"
"127",0.415599534063024,0.0105900078594677,"./pheno_400_1yr_nDH96_varE4_Ne60_Mean_GP.csv","pheno_400_1yr_nDH96_varE4_Ne60_Mean_GP","pheno",400,"1yr",1,"nDH96","Ne60","varE4"
"128",0.410055119304562,0.01071386981832,"./pheno_400_1yr_nDH96_varE4_Ne60_Mean_GP.csv","pheno_400_1yr_nDH96_varE4_Ne60_Mean_GP","pheno",400,"1yr",2,"nDH96","Ne60","varE4"
"129",1.33473330898666,0.0287309718498846,"./pheno_400_1yr_nDH96_varE4_Ne60_Mean_GP.csv","pheno_400_1yr_nDH96_varE4_Ne60_Mean_GP","pheno",400,"1yr",3,"nDH96","Ne60","varE4"
"130",2.21715612686846,0.0419687363831817,"./pheno_400_1yr_nDH96_varE4_Ne60_Mean_GP.csv","pheno_400_1yr_nDH96_varE4_Ne60_Mean_GP","pheno",400,"1yr",4,"nDH96","Ne60","varE4"
"131",2.95010687984388,0.0463263615874168,"./pheno_400_1yr_nDH96_varE4_Ne60_Mean_GP.csv","pheno_400_1yr_nDH96_varE4_Ne60_Mean_GP","pheno",400,"1yr",5,"nDH96","Ne60","varE4"
"132",3.68767809344362,0.0529254026878596,"./pheno_400_1yr_nDH96_varE4_Ne60_Mean_GP.csv","pheno_400_1yr_nDH96_varE4_Ne60_Mean_GP","pheno",400,"1yr",6,"nDH96","Ne60","varE4"
"133",4.35992877463236,0.0607594306738954,"./pheno_400_1yr_nDH96_varE4_Ne60_Mean_GP.csv","pheno_400_1yr_nDH96_varE4_Ne60_Mean_GP","pheno",400,"1yr",7,"nDH96","Ne60","varE4"
"134",0.439150367890348,0.0107954369665389,"./pheno_400_2yr_nDH96_varE4_Ne60_Mean_GP.csv","pheno_400_2yr_nDH96_varE4_Ne60_Mean_GP","pheno",400,"2yr",1,"nDH96","Ne60","varE4"
"135",0.412931707521015,0.0119913359050307,"./pheno_400_2yr_nDH96_varE4_Ne60_Mean_GP.csv","pheno_400_2yr_nDH96_varE4_Ne60_Mean_GP","pheno",400,"2yr",2,"nDH96","Ne60","varE4"
"136",1.34797408844337,0.0283965064316011,"./pheno_400_2yr_nDH96_varE4_Ne60_Mean_GP.csv","pheno_400_2yr_nDH96_varE4_Ne60_Mean_GP","pheno",400,"2yr",3,"nDH96","Ne60","varE4"
"137",1.36842676216,0.0239977981833903,"./pheno_400_2yr_nDH96_varE4_Ne60_Mean_GP.csv","pheno_400_2yr_nDH96_varE4_Ne60_Mean_GP","pheno",400,"2yr",4,"nDH96","Ne60","varE4"
"138",2.26045677344776,0.0375480941591792,"./pheno_400_2yr_nDH96_varE4_Ne60_Mean_GP.csv","pheno_400_2yr_nDH96_varE4_Ne60_Mean_GP","pheno",400,"2yr",5,"nDH96","Ne60","varE4"
"139",2.30408691853847,0.0378507835955995,"./pheno_400_2yr_nDH96_varE4_Ne60_Mean_GP.csv","pheno_400_2yr_nDH96_varE4_Ne60_Mean_GP","pheno",400,"2yr",6,"nDH96","Ne60","varE4"
"140",3.07294660041819,0.0395699907610443,"./pheno_400_2yr_nDH96_varE4_Ne60_Mean_GP.csv","pheno_400_2yr_nDH96_varE4_Ne60_Mean_GP","pheno",400,"2yr",7,"nDH96","Ne60","varE4"
"141",-0.000688142171530942,0.00640578679461127,"./rand_1000_1yr_nDH96_varE4_Ne60_Mean_GP.csv","rand_1000_1yr_nDH96_varE4_Ne60_Mean_GP","rand",1000,"1yr",1,"nDH96","Ne60","varE4"
"142",-0.009776278569997,0.00768901141495709,"./rand_1000_1yr_nDH96_varE4_Ne60_Mean_GP.csv","rand_1000_1yr_nDH96_varE4_Ne60_Mean_GP","rand",1000,"1yr",2,"nDH96","Ne60","varE4"
"143",0.838916484657893,0.0144158513311478,"./rand_1000_1yr_nDH96_varE4_Ne60_Mean_GP.csv","rand_1000_1yr_nDH96_varE4_Ne60_Mean_GP","rand",1000,"1yr",3,"nDH96","Ne60","varE4"
"144",1.69909141640867,0.0223928794401872,"./rand_1000_1yr_nDH96_varE4_Ne60_Mean_GP.csv","rand_1000_1yr_nDH96_varE4_Ne60_Mean_GP","rand",1000,"1yr",4,"nDH96","Ne60","varE4"
"145",2.4935299442274,0.0280883611354023,"./rand_1000_1yr_nDH96_varE4_Ne60_Mean_GP.csv","rand_1000_1yr_nDH96_varE4_Ne60_Mean_GP","rand",1000,"1yr",5,"nDH96","Ne60","varE4"
"146",3.2613447146851,0.0327995123253183,"./rand_1000_1yr_nDH96_varE4_Ne60_Mean_GP.csv","rand_1000_1yr_nDH96_varE4_Ne60_Mean_GP","rand",1000,"1yr",6,"nDH96","Ne60","varE4"
"147",3.98840111971236,0.035230918069404,"./rand_1000_1yr_nDH96_varE4_Ne60_Mean_GP.csv","rand_1000_1yr_nDH96_varE4_Ne60_Mean_GP","rand",1000,"1yr",7,"nDH96","Ne60","varE4"
"148",0.00220177471985707,0.00783506495529377,"./rand_1000_2yr_nDH96_varE4_Ne60_Mean_GP.csv","rand_1000_2yr_nDH96_varE4_Ne60_Mean_GP","rand",1000,"2yr",1,"nDH96","Ne60","varE4"
"149",-0.00014883282668642,0.00718815152510811,"./rand_1000_2yr_nDH96_varE4_Ne60_Mean_GP.csv","rand_1000_2yr_nDH96_varE4_Ne60_Mean_GP","rand",1000,"2yr",2,"nDH96","Ne60","varE4"
"150",0.851760349759075,0.0166563181918073,"./rand_1000_2yr_nDH96_varE4_Ne60_Mean_GP.csv","rand_1000_2yr_nDH96_varE4_Ne60_Mean_GP","rand",1000,"2yr",3,"nDH96","Ne60","varE4"
"151",0.912341961987665,0.0161122812335369,"./rand_1000_2yr_nDH96_varE4_Ne60_Mean_GP.csv","rand_1000_2yr_nDH96_varE4_Ne60_Mean_GP","rand",1000,"2yr",4,"nDH96","Ne60","varE4"
"152",1.72836040879003,0.0236108473995262,"./rand_1000_2yr_nDH96_varE4_Ne60_Mean_GP.csv","rand_1000_2yr_nDH96_varE4_Ne60_Mean_GP","rand",1000,"2yr",5,"nDH96","Ne60","varE4"
"153",1.79356545715977,0.025628813076774,"./rand_1000_2yr_nDH96_varE4_Ne60_Mean_GP.csv","rand_1000_2yr_nDH96_varE4_Ne60_Mean_GP","rand",1000,"2yr",6,"nDH96","Ne60","varE4"
"154",2.57496877413992,0.0290337041321371,"./rand_1000_2yr_nDH96_varE4_Ne60_Mean_GP.csv","rand_1000_2yr_nDH96_varE4_Ne60_Mean_GP","rand",1000,"2yr",7,"nDH96","Ne60","varE4"
"155",-0.0111856167814251,0.0121976892014497,"./rand_400_1yr_nDH96_varE4_Ne60_Mean_GP.csv","rand_400_1yr_nDH96_varE4_Ne60_Mean_GP","rand",400,"1yr",1,"nDH96","Ne60","varE4"
"156",-0.00645880475617595,0.0112439983942518,"./rand_400_1yr_nDH96_varE4_Ne60_Mean_GP.csv","rand_400_1yr_nDH96_varE4_Ne60_Mean_GP","rand",400,"1yr",2,"nDH96","Ne60","varE4"
"157",0.664704334887549,0.0238605746696447,"./rand_400_1yr_nDH96_varE4_Ne60_Mean_GP.csv","rand_400_1yr_nDH96_varE4_Ne60_Mean_GP","rand",400,"1yr",3,"nDH96","Ne60","varE4"
"158",1.42772988051655,0.0402898131635327,"./rand_400_1yr_nDH96_varE4_Ne60_Mean_GP.csv","rand_400_1yr_nDH96_varE4_Ne60_Mean_GP","rand",400,"1yr",4,"nDH96","Ne60","varE4"
"159",2.09551303513295,0.0478985304673029,"./rand_400_1yr_nDH96_varE4_Ne60_Mean_GP.csv","rand_400_1yr_nDH96_varE4_Ne60_Mean_GP","rand",400,"1yr",5,"nDH96","Ne60","varE4"
"160",2.73052714067618,0.0492703904764238,"./rand_400_1yr_nDH96_varE4_Ne60_Mean_GP.csv","rand_400_1yr_nDH96_varE4_Ne60_Mean_GP","rand",400,"1yr",6,"nDH96","Ne60","varE4"
"161",3.2929233776253,0.0536381516340752,"./rand_400_1yr_nDH96_varE4_Ne60_Mean_GP.csv","rand_400_1yr_nDH96_varE4_Ne60_Mean_GP","rand",400,"1yr",7,"nDH96","Ne60","varE4"
"162",-0.0113410417147309,0.0119406476410894,"./rand_400_2yr_nDH96_varE4_Ne60_Mean_GP.csv","rand_400_2yr_nDH96_varE4_Ne60_Mean_GP","rand",400,"2yr",1,"nDH96","Ne60","varE4"
"163",-0.0102036185535941,0.01104895724039,"./rand_400_2yr_nDH96_varE4_Ne60_Mean_GP.csv","rand_400_2yr_nDH96_varE4_Ne60_Mean_GP","rand",400,"2yr",2,"nDH96","Ne60","varE4"
"164",0.657807649067416,0.0277393508197262,"./rand_400_2yr_nDH96_varE4_Ne60_Mean_GP.csv","rand_400_2yr_nDH96_varE4_Ne60_Mean_GP","rand",400,"2yr",3,"nDH96","Ne60","varE4"
"165",0.737867379377653,0.0236263696787296,"./rand_400_2yr_nDH96_varE4_Ne60_Mean_GP.csv","rand_400_2yr_nDH96_varE4_Ne60_Mean_GP","rand",400,"2yr",4,"nDH96","Ne60","varE4"
"166",1.43571307108194,0.0362055424213834,"./rand_400_2yr_nDH96_varE4_Ne60_Mean_GP.csv","rand_400_2yr_nDH96_varE4_Ne60_Mean_GP","rand",400,"2yr",5,"nDH96","Ne60","varE4"
"167",1.47928134688306,0.0334687813610048,"./rand_400_2yr_nDH96_varE4_Ne60_Mean_GP.csv","rand_400_2yr_nDH96_varE4_Ne60_Mean_GP","rand",400,"2yr",6,"nDH96","Ne60","varE4"
"168",2.0890477062507,0.0436544127969062,"./rand_400_2yr_nDH96_varE4_Ne60_Mean_GP.csv","rand_400_2yr_nDH96_varE4_Ne60_Mean_GP","rand",400,"2yr",7,"nDH96","Ne60","varE4"
"169",0.411147491486368,0.0075865173964378,"./pheno_1000_1yr_nDH96_varE4_Ne600_Mean_GP.csv","pheno_1000_1yr_nDH96_varE4_Ne600_Mean_GP","pheno",1000,"1yr",1,"nDH96","Ne600","varE4"
"170",0.418351117803142,0.0065272597350132,"./pheno_1000_1yr_nDH96_varE4_Ne600_Mean_GP.csv","pheno_1000_1yr_nDH96_varE4_Ne600_Mean_GP","pheno",1000,"1yr",2,"nDH96","Ne600","varE4"
"171",1.2822603325903,0.0213682336149711,"./pheno_1000_1yr_nDH96_varE4_Ne600_Mean_GP.csv","pheno_1000_1yr_nDH96_varE4_Ne600_Mean_GP","pheno",1000,"1yr",3,"nDH96","Ne600","varE4"
"172",2.21112251574964,0.0354985367613515,"./pheno_1000_1yr_nDH96_varE4_Ne600_Mean_GP.csv","pheno_1000_1yr_nDH96_varE4_Ne600_Mean_GP","pheno",1000,"1yr",4,"nDH96","Ne600","varE4"
"173",3.05155046822415,0.0414196411984769,"./pheno_1000_1yr_nDH96_varE4_Ne600_Mean_GP.csv","pheno_1000_1yr_nDH96_varE4_Ne600_Mean_GP","pheno",1000,"1yr",5,"nDH96","Ne600","varE4"
"174",3.82355940517432,0.0436646245857152,"./pheno_1000_1yr_nDH96_varE4_Ne600_Mean_GP.csv","pheno_1000_1yr_nDH96_varE4_Ne600_Mean_GP","pheno",1000,"1yr",6,"nDH96","Ne600","varE4"
"175",4.57146493110941,0.0449528082193051,"./pheno_1000_1yr_nDH96_varE4_Ne600_Mean_GP.csv","pheno_1000_1yr_nDH96_varE4_Ne600_Mean_GP","pheno",1000,"1yr",7,"nDH96","Ne600","varE4"
"176",0.400168932643033,0.00734448064449096,"./pheno_1000_2yr_nDH96_varE4_Ne600_Mean_GP.csv","pheno_1000_2yr_nDH96_varE4_Ne600_Mean_GP","pheno",1000,"2yr",1,"nDH96","Ne600","varE4"
"177",0.404213147676061,0.00616955986533536,"./pheno_1000_2yr_nDH96_varE4_Ne600_Mean_GP.csv","pheno_1000_2yr_nDH96_varE4_Ne600_Mean_GP","pheno",1000,"2yr",2,"nDH96","Ne600","varE4"
"178",1.2606588485106,0.0210945016147674,"./pheno_1000_2yr_nDH96_varE4_Ne600_Mean_GP.csv","pheno_1000_2yr_nDH96_varE4_Ne600_Mean_GP","pheno",1000,"2yr",3,"nDH96","Ne600","varE4"
"179",1.32012724792036,0.0173557164821835,"./pheno_1000_2yr_nDH96_varE4_Ne600_Mean_GP.csv","pheno_1000_2yr_nDH96_varE4_Ne600_Mean_GP","pheno",1000,"2yr",4,"nDH96","Ne600","varE4"
"180",2.21158248829928,0.0345392775529905,"./pheno_1000_2yr_nDH96_varE4_Ne600_Mean_GP.csv","pheno_1000_2yr_nDH96_varE4_Ne600_Mean_GP","pheno",1000,"2yr",5,"nDH96","Ne600","varE4"
"181",2.22776144321077,0.0321771773976955,"./pheno_1000_2yr_nDH96_varE4_Ne600_Mean_GP.csv","pheno_1000_2yr_nDH96_varE4_Ne600_Mean_GP","pheno",1000,"2yr",6,"nDH96","Ne600","varE4"
"182",3.04643942175873,0.0388211957542515,"./pheno_1000_2yr_nDH96_varE4_Ne600_Mean_GP.csv","pheno_1000_2yr_nDH96_varE4_Ne600_Mean_GP","pheno",1000,"2yr",7,"nDH96","Ne600","varE4"
"183",0.386457325174645,0.00973696992208546,"./pheno_400_1yr_nDH96_varE4_Ne600_Mean_GP.csv","pheno_400_1yr_nDH96_varE4_Ne600_Mean_GP","pheno",400,"1yr",1,"nDH96","Ne600","varE4"
"184",0.399115299113266,0.0117136456744801,"./pheno_400_1yr_nDH96_varE4_Ne600_Mean_GP.csv","pheno_400_1yr_nDH96_varE4_Ne600_Mean_GP","pheno",400,"1yr",2,"nDH96","Ne600","varE4"
"185",1.15476212938573,0.0301270323259593,"./pheno_400_1yr_nDH96_varE4_Ne600_Mean_GP.csv","pheno_400_1yr_nDH96_varE4_Ne600_Mean_GP","pheno",400,"1yr",3,"nDH96","Ne600","varE4"
"186",1.94694168563535,0.0447816245645357,"./pheno_400_1yr_nDH96_varE4_Ne600_Mean_GP.csv","pheno_400_1yr_nDH96_varE4_Ne600_Mean_GP","pheno",400,"1yr",4,"nDH96","Ne600","varE4"
"187",2.70310943863683,0.0510159997188477,"./pheno_400_1yr_nDH96_varE4_Ne600_Mean_GP.csv","pheno_400_1yr_nDH96_varE4_Ne600_Mean_GP","pheno",400,"1yr",5,"nDH96","Ne600","varE4"
"188",3.34292049868246,0.05679861292813,"./pheno_400_1yr_nDH96_varE4_Ne600_Mean_GP.csv","pheno_400_1yr_nDH96_varE4_Ne600_Mean_GP","pheno",400,"1yr",6,"nDH96","Ne600","varE4"
"189",3.89383028526582,0.0628912591142098,"./pheno_400_1yr_nDH96_varE4_Ne600_Mean_GP.csv","pheno_400_1yr_nDH96_varE4_Ne600_Mean_GP","pheno",400,"1yr",7,"nDH96","Ne600","varE4"
"190",0.41094972995239,0.0117172210156517,"./pheno_400_2yr_nDH96_varE4_Ne600_Mean_GP.csv","pheno_400_2yr_nDH96_varE4_Ne600_Mean_GP","pheno",400,"2yr",1,"nDH96","Ne600","varE4"
"191",0.432578980158328,0.0115265788397638,"./pheno_400_2yr_nDH96_varE4_Ne600_Mean_GP.csv","pheno_400_2yr_nDH96_varE4_Ne600_Mean_GP","pheno",400,"2yr",2,"nDH96","Ne600","varE4"
"192",1.16136539505488,0.0277293593412386,"./pheno_400_2yr_nDH96_varE4_Ne600_Mean_GP.csv","pheno_400_2yr_nDH96_varE4_Ne600_Mean_GP","pheno",400,"2yr",3,"nDH96","Ne600","varE4"
"193",1.19121299476872,0.0300241931548818,"./pheno_400_2yr_nDH96_varE4_Ne600_Mean_GP.csv","pheno_400_2yr_nDH96_varE4_Ne600_Mean_GP","pheno",400,"2yr",4,"nDH96","Ne600","varE4"
"194",1.95922075239662,0.0363260711554392,"./pheno_400_2yr_nDH96_varE4_Ne600_Mean_GP.csv","pheno_400_2yr_nDH96_varE4_Ne600_Mean_GP","pheno",400,"2yr",5,"nDH96","Ne600","varE4"
"195",2.04980324489421,0.047011291380387,"./pheno_400_2yr_nDH96_varE4_Ne600_Mean_GP.csv","pheno_400_2yr_nDH96_varE4_Ne600_Mean_GP","pheno",400,"2yr",6,"nDH96","Ne600","varE4"
"196",2.69641206547423,0.0433403824014263,"./pheno_400_2yr_nDH96_varE4_Ne600_Mean_GP.csv","pheno_400_2yr_nDH96_varE4_Ne600_Mean_GP","pheno",400,"2yr",7,"nDH96","Ne600","varE4"
"197",-0.00728044192070475,0.00722315722258471,"./rand_1000_1yr_nDH96_varE4_Ne600_Mean_GP.csv","rand_1000_1yr_nDH96_varE4_Ne600_Mean_GP","rand",1000,"1yr",1,"nDH96","Ne600","varE4"
"198",-0.000863808388516118,0.00695683125516719,"./rand_1000_1yr_nDH96_varE4_Ne600_Mean_GP.csv","rand_1000_1yr_nDH96_varE4_Ne600_Mean_GP","rand",1000,"1yr",2,"nDH96","Ne600","varE4"
"199",0.617704238631102,0.014839025646566,"./rand_1000_1yr_nDH96_varE4_Ne600_Mean_GP.csv","rand_1000_1yr_nDH96_varE4_Ne600_Mean_GP","rand",1000,"1yr",3,"nDH96","Ne600","varE4"
"200",1.30719083736132,0.0239804856445684,"./rand_1000_1yr_nDH96_varE4_Ne600_Mean_GP.csv","rand_1000_1yr_nDH96_varE4_Ne600_Mean_GP","rand",1000,"1yr",4,"nDH96","Ne600","varE4"
"201",1.95948845085858,0.0339145607660225,"./rand_1000_1yr_nDH96_varE4_Ne600_Mean_GP.csv","rand_1000_1yr_nDH96_varE4_Ne600_Mean_GP","rand",1000,"1yr",5,"nDH96","Ne600","varE4"
"202",2.59519616513456,0.0399301955064779,"./rand_1000_1yr_nDH96_varE4_Ne600_Mean_GP.csv","rand_1000_1yr_nDH96_varE4_Ne600_Mean_GP","rand",1000,"1yr",6,"nDH96","Ne600","varE4"
"203",3.21929685950348,0.0423453538113717,"./rand_1000_1yr_nDH96_varE4_Ne600_Mean_GP.csv","rand_1000_1yr_nDH96_varE4_Ne600_Mean_GP","rand",1000,"1yr",7,"nDH96","Ne600","varE4"
"204",0.00277576508660685,0.00843994966046513,"./rand_1000_2yr_nDH96_varE4_Ne600_Mean_GP.csv","rand_1000_2yr_nDH96_varE4_Ne600_Mean_GP","rand",1000,"2yr",1,"nDH96","Ne600","varE4"
"205",-0.00990360205850092,0.00714143143762291,"./rand_1000_2yr_nDH96_varE4_Ne600_Mean_GP.csv","rand_1000_2yr_nDH96_varE4_Ne600_Mean_GP","rand",1000,"2yr",2,"nDH96","Ne600","varE4"
"206",0.604966855534818,0.0182947071947163,"./rand_1000_2yr_nDH96_varE4_Ne600_Mean_GP.csv","rand_1000_2yr_nDH96_varE4_Ne600_Mean_GP","rand",1000,"2yr",3,"nDH96","Ne600","varE4"
"207",0.618564052085035,0.0176537791382509,"./rand_1000_2yr_nDH96_varE4_Ne600_Mean_GP.csv","rand_1000_2yr_nDH96_varE4_Ne600_Mean_GP","rand",1000,"2yr",4,"nDH96","Ne600","varE4"
"208",1.31990293636298,0.0286269021717488,"./rand_1000_2yr_nDH96_varE4_Ne600_Mean_GP.csv","rand_1000_2yr_nDH96_varE4_Ne600_Mean_GP","rand",1000,"2yr",5,"nDH96","Ne600","varE4"
"209",1.36429941152782,0.0283765028702355,"./rand_1000_2yr_nDH96_varE4_Ne600_Mean_GP.csv","rand_1000_2yr_nDH96_varE4_Ne600_Mean_GP","rand",1000,"2yr",6,"nDH96","Ne600","varE4"
"210",1.99280930562151,0.0346440605540921,"./rand_1000_2yr_nDH96_varE4_Ne600_Mean_GP.csv","rand_1000_2yr_nDH96_varE4_Ne600_Mean_GP","rand",1000,"2yr",7,"nDH96","Ne600","varE4"
"211",0.00916264834195584,0.0123483411781327,"./rand_400_1yr_nDH96_varE4_Ne600_Mean_GP.csv","rand_400_1yr_nDH96_varE4_Ne600_Mean_GP","rand",400,"1yr",1,"nDH96","Ne600","varE4"
"212",-0.018740098205355,0.0118314042415557,"./rand_400_1yr_nDH96_varE4_Ne600_Mean_GP.csv","rand_400_1yr_nDH96_varE4_Ne600_Mean_GP","rand",400,"1yr",2,"nDH96","Ne600","varE4"
"213",0.520052207628614,0.0260534166147792,"./rand_400_1yr_nDH96_varE4_Ne600_Mean_GP.csv","rand_400_1yr_nDH96_varE4_Ne600_Mean_GP","rand",400,"1yr",3,"nDH96","Ne600","varE4"
"214",1.12327314372223,0.0397983038977411,"./rand_400_1yr_nDH96_varE4_Ne600_Mean_GP.csv","rand_400_1yr_nDH96_varE4_Ne600_Mean_GP","rand",400,"1yr",4,"nDH96","Ne600","varE4"
"215",1.70073717078959,0.0482548827535882,"./rand_400_1yr_nDH96_varE4_Ne600_Mean_GP.csv","rand_400_1yr_nDH96_varE4_Ne600_Mean_GP","rand",400,"1yr",5,"nDH96","Ne600","varE4"
"216",2.20167728761774,0.0507818663559288,"./rand_400_1yr_nDH96_varE4_Ne600_Mean_GP.csv","rand_400_1yr_nDH96_varE4_Ne600_Mean_GP","rand",400,"1yr",6,"nDH96","Ne600","varE4"
"217",2.70494642670962,0.0537434470884899,"./rand_400_1yr_nDH96_varE4_Ne600_Mean_GP.csv","rand_400_1yr_nDH96_varE4_Ne600_Mean_GP","rand",400,"1yr",7,"nDH96","Ne600","varE4"
"218",0.0174363938904149,0.0116432969714176,"./rand_400_2yr_nDH96_varE4_Ne600_Mean_GP.csv","rand_400_2yr_nDH96_varE4_Ne600_Mean_GP","rand",400,"2yr",1,"nDH96","Ne600","varE4"
"219",0.00598915273731464,0.013041386828551,"./rand_400_2yr_nDH96_varE4_Ne600_Mean_GP.csv","rand_400_2yr_nDH96_varE4_Ne600_Mean_GP","rand",400,"2yr",2,"nDH96","Ne600","varE4"
"220",0.506074207316446,0.0244017675644468,"./rand_400_2yr_nDH96_varE4_Ne600_Mean_GP.csv","rand_400_2yr_nDH96_varE4_Ne600_Mean_GP","rand",400,"2yr",3,"nDH96","Ne600","varE4"
"221",0.560756554824087,0.0248542522638523,"./rand_400_2yr_nDH96_varE4_Ne600_Mean_GP.csv","rand_400_2yr_nDH96_varE4_Ne600_Mean_GP","rand",400,"2yr",4,"nDH96","Ne600","varE4"
"222",1.18600433754326,0.0376214754048089,"./rand_400_2yr_nDH96_varE4_Ne600_Mean_GP.csv","rand_400_2yr_nDH96_varE4_Ne600_Mean_GP","rand",400,"2yr",5,"nDH96","Ne600","varE4"
"223",1.21208905056438,0.0411675997814694,"./rand_400_2yr_nDH96_varE4_Ne600_Mean_GP.csv","rand_400_2yr_nDH96_varE4_Ne600_Mean_GP","rand",400,"2yr",6,"nDH96","Ne600","varE4"
"224",1.76678417956619,0.0456297670197097,"./rand_400_2yr_nDH96_varE4_Ne600_Mean_GP.csv","rand_400_2yr_nDH96_varE4_Ne600_Mean_GP","rand",400,"2yr",7,"nDH96","Ne600","varE4"
